covid-19,thyroid,parathyroid,pancreatic,pituitary,ovarian,testicular,tuberculosis,diabetes,bronchitis,tracheitis,lung,fibrosis,pulmonary,infarction,nodule,alveolar,pleural,tuberculosis,apnea,hypoxia,cough,dyspnea,hemoptysis,snoring,hypocapnia,asthma,hyperventilation,distress,sneezing,tachypnea,ocular,nystagmus,conjunctivitis,corneal,amblyopia,auditory,otitis,tympanic,tinnitus,anosmia,olfactory,sinus,nasal,rhinorrhea,laryngeal,pharyngeal,cystic,influenza,hoarseness,gustatory,taste,polydipsia,metabolic,dehydration,wasting,hypoglycemia,malnutrition,gastritis,gastroenteritis,biliary,starvation,anorexia,constipation,diarrhea,dyspepsia,nausea,vomiting,atrophy,headaches,hypothermia,hyperthermia,vertigo,syncope,amnesia,alzheimer,dementia,epilepsy,paresthesia,spasm,paralysis,fatigue,insomnia,arrhythmias,cardiomyopathy,cardiotoxicity,transfusion,myocardial,hypotension,hypertension,cerebellar,spinocerebellar,cerebrovascular,stroke,syphilis,hypothalamic,hemolytic,lupus,aneurysm,vasculitis,hemangioma,encephalomyelitis,myelitis,encephalomyelitis,meningitis,encephalitis,myeloma,hyperplasia,lymphoma,veno-occlusive,angioedema,anemia,platelet,immunoglobulin,leukopenia,thrombocytopenia,leukemia,phagocyte,thrombotic,sepsis,arthritis,cartilage,fasciitis,myositis,dermatitis,eczema,exanthema,pruritus,ulcer,erythema,jaundice,pallor,pruritus,purpura,oliguria,polyuria,proteinuria,asymptomatic,bacterial,fungal,parasitic,sepsis,community-acquired,focal,communicable,cross,hiv
228268,532,20,323,183,122,184,577,5131,22,0,10363,439,7479,757,39,1035,635,0,128,482,1595,671,22,1,4,923,15,5699,52,12,805,2,222,119,2,56,26,10,108,700,2034,218,1412,63,41,188,85,3212,3,399,991,8,1757,28,34,71,291,14,21,35,9,64,4,363,16,160,130,30,158,14,22,42,24,11,20,720,439,2,8,118,902,497,203,118,13,358,1963,66,2232,42,0,734,2450,5,23,55,244,80,187,1,55,102,0,42,222,123,51,154,0,25,154,983,597,45,376,234,11,1475,579,251,4,7,7,86,17,20,14,12,96,16,1,0,83,1,9,144,5578,1848,344,48,0,269,215,274,628,1387
532,1328,4,6,9,1,3,0,6,0,0,24,1,43,3,67,5,1,0,0,3,1,8,0,0,0,13,0,0,0,0,3,0,0,0,0,0,0,0,0,0,1,12,0,0,8,0,6,1,0,0,0,0,22,0,0,14,0,0,1,2,0,0,0,0,6,2,0,4,0,0,0,0,0,0,0,0,0,5,0,4,2,0,0,4,0,0,3,0,6,2,0,0,0,0,0,0,1,0,0,0,0,0,0,0,0,0,4,0,0,0,11,10,3,0,0,0,0,0,5,1,3,0,0,0,0,0,0,1,0,0,0,0,0,0,1,0,29,4,1,1,0,0,1,0,5,1
20,4,38,0,5,0,0,0,0,0,0,3,3,1,0,3,0,0,0,0,0,0,0,0,0,0,0,0,3,0,0,0,0,1,0,0,0,0,0,0,0,0,0,0,0,0,0,0,0,0,0,0,0,12,0,0,0,0,0,0,1,0,0,0,0,0,0,0,0,0,0,0,0,0,0,0,0,0,0,0,0,0,0,0,0,0,0,0,0,0,0,0,0,0,0,0,0,0,0,0,0,0,0,0,0,0,1,3,0,0,0,3,1,1,0,0,0,0,0,0,0,1,0,0,0,0,0,0,0,0,1,0,0,0,0,3,0,0,0,0,0,0,0,4,0,0,0
323,6,0,918,3,2,1,0,160,1,0,40,4,22,0,0,3,1,0,0,2,0,0,0,0,4,0,0,10,0,0,0,0,0,0,0,0,0,0,0,0,1,0,5,0,0,0,10,0,0,0,0,0,32,3,0,4,2,0,0,17,0,1,0,8,0,0,0,1,0,0,0,0,0,0,0,0,0,0,0,0,5,0,0,4,0,0,0,0,2,0,0,0,2,0,0,0,0,0,0,0,0,0,0,0,0,0,4,0,0,0,0,1,1,0,0,1,0,7,2,0,0,0,0,0,0,0,0,8,0,0,0,0,0,0,0,0,6,28,0,0,0,0,3,0,0,0
183,9,5,3,410,0,0,0,12,0,0,13,1,6,3,0,0,0,0,0,0,5,0,0,0,0,0,0,0,0,0,0,0,0,0,0,0,0,0,0,0,0,3,7,0,0,0,1,0,0,0,0,0,8,4,0,0,0,0,0,0,0,0,0,0,0,0,0,0,1,0,0,0,0,0,0,0,0,0,0,0,2,0,0,0,0,1,0,0,1,0,0,0,3,0,8,0,0,0,0,0,0,0,0,2,0,0,4,0,0,0,0,1,0,0,0,0,0,0,0,0,0,0,0,0,0,0,0,1,0,0,0,0,0,0,0,0,0,0,0,0,0,0,0,0,1,0
122,1,0,2,0,434,4,0,11,3,0,20,1,10,0,0,9,0,0,0,0,0,0,0,0,0,0,0,1,0,0,0,0,0,0,0,2,0,0,0,0,1,0,3,0,0,0,1,0,0,0,2,1,3,0,0,0,0,0,0,0,0,0,0,2,0,0,0,0,0,0,0,0,0,0,0,2,0,0,0,0,0,0,0,0,0,0,0,0,1,0,0,0,0,0,0,0,0,0,0,0,0,0,0,0,0,0,0,0,0,0,0,0,0,0,0,3,0,2,1,1,0,0,0,0,0,0,0,0,0,0,0,0,0,0,1,0,8,28,1,0,0,0,0,0,2,0
184,3,0,1,0,4,156,0,0,0,0,9,5,13,1,0,4,0,0,0,0,0,0,4,0,0,0,0,1,0,0,1,0,0,0,0,0,0,0,0,0,1,0,0,0,0,0,0,0,0,0,0,0,1,1,0,0,0,0,10,0,0,0,0,9,0,0,2,2,0,0,5,0,0,0,0,0,0,0,0,0,0,0,0,0,0,0,0,0,0,0,0,0,0,0,6,0,1,0,2,0,0,0,0,0,0,0,2,0,0,0,0,0,0,0,0,0,0,0,0,0,0,0,0,0,0,0,0,0,0,0,0,0,0,0,0,0,3,6,0,0,0,0,5,0,0,0
577,0,0,0,0,0,0,1652,35,0,0,241,3,412,1,0,48,19,0,0,0,30,8,0,0,0,6,0,11,2,0,16,0,1,0,0,0,0,0,0,0,0,1,1,0,0,0,0,41,0,0,0,0,23,0,0,0,0,0,0,0,0,0,0,2,0,0,0,1,0,0,0,0,0,0,0,0,0,0,0,0,0,0,0,0,0,1,1,4,5,9,0,1,12,0,0,0,0,0,1,0,1,1,0,5,2,0,0,0,0,0,2,4,2,0,1,0,4,0,7,2,0,0,0,0,0,0,0,2,0,0,4,0,0,0,0,0,10,110,11,3,0,21,4,20,6,186
5131,6,0,160,12,11,0,35,6138,3,0,170,23,265,31,0,14,5,0,9,4,115,47,1,0,0,38,0,161,0,1,13,0,0,2,0,0,2,0,0,7,40,3,21,3,2,3,20,87,0,4,3,0,532,4,2,108,17,0,0,0,0,13,0,25,0,4,4,1,1,0,0,0,0,1,1,72,1,0,0,0,26,1,4,4,0,0,69,1,614,0,0,73,46,0,2,0,5,0,3,0,1,0,0,21,2,4,13,2,0,0,6,24,7,2,8,2,1,21,50,5,0,2,0,1,1,0,0,14,1,0,0,0,3,1,3,15,57,32,28,2,0,5,3,18,17,53
22,0,0,1,0,3,0,0,3,452,1,54,2,37,2,0,5,0,0,0,0,129,0,0,0,0,42,0,1,1,0,4,0,0,0,0,0,6,0,0,0,0,1,7,0,0,0,4,90,0,0,0,0,10,0,0,0,0,0,31,0,0,0,0,20,0,0,0,1,0,0,0,0,0,0,1,0,0,0,0,1,1,0,0,0,0,0,0,0,0,0,0,0,0,0,0,0,0,0,0,0,3,0,0,0,2,0,3,0,0,0,4,0,7,0,0,2,0,0,0,3,0,0,1,1,0,0,0,0,0,0,0,0,0,0,0,0,4,63,1,1,0,4,0,0,17,2
0,0,0,0,0,0,0,0,0,1,12,1,0,1,0,0,1,0,0,0,0,0,0,0,0,0,0,0,0,0,0,0,0,0,0,0,0,0,0,0,0,0,0,0,0,0,0,0,0,0,0,0,0,0,0,0,0,0,0,0,0,0,0,0,0,0,0,0,0,0,0,0,0,0,0,0,0,0,0,0,0,0,0,0,0,0,0,0,0,0,0,0,0,0,0,0,0,0,0,0,0,1,0,0,0,0,0,0,0,0,0,0,0,0,0,0,0,0,0,0,0,0,0,1,1,0,0,0,0,0,0,0,0,0,0,0,0,0,7,4,1,0,4,1,0,0,0
10363,24,3,40,13,20,9,241,170,54,1,24306,1179,6252,29,71,2348,437,0,5,225,220,102,16,0,2,1561,1,1498,0,10,19,0,2,1,0,0,2,0,0,4,34,21,434,0,17,17,238,1791,0,0,10,0,264,7,2,7,10,2,7,1,0,5,3,33,0,7,7,15,1,9,0,0,2,0,0,2,4,1,2,17,50,2,0,20,0,41,76,14,192,3,0,7,74,0,1,11,23,5,18,2,1,0,0,1,21,8,38,21,0,3,16,80,43,4,10,32,24,71,270,17,0,1,4,14,0,3,0,4,1,1,6,0,1,0,0,3,279,718,153,12,0,73,57,4,47,84
439,1,3,4,1,1,5,3,23,2,0,1179,1158,1188,11,3,99,15,0,4,17,32,16,2,0,0,18,0,59,0,0,4,0,0,2,0,0,2,0,0,0,1,8,17,0,0,2,387,29,0,0,3,0,52,0,0,0,0,0,0,7,0,0,0,3,0,0,0,1,0,0,0,0,0,0,0,0,4,0,0,0,3,1,0,39,0,0,70,0,13,0,0,0,1,0,0,1,10,0,4,0,0,0,0,0,1,0,3,0,0,0,4,26,2,0,1,1,0,1,27,1,0,0,0,1,0,0,0,0,0,0,0,0,0,0,1,0,32,52,6,1,0,0,8,0,2,0
7479,43,1,22,6,10,13,412,265,37,1,6252,1188,11386,83,30,1009,212,0,12,157,193,165,21,0,4,716,7,929,2,6,4,0,0,1,0,13,7,0,0,6,9,47,147,2,14,21,180,699,0,2,23,1,145,16,0,0,9,1,1,2,0,4,1,21,0,7,8,8,28,2,1,0,3,1,1,8,11,0,1,14,63,7,11,89,2,23,255,17,1097,0,0,51,71,0,1,5,27,27,34,13,7,3,0,2,30,3,25,33,3,4,19,134,32,4,21,26,10,293,143,18,0,0,4,2,0,3,0,2,1,1,4,0,7,1,1,9,227,529,260,24,0,80,48,9,42,78
757,3,0,0,3,0,1,1,31,2,0,29,11,83,356,0,7,3,0,1,3,9,8,0,0,0,4,0,8,0,1,2,0,0,2,0,0,0,0,0,0,4,2,0,0,0,0,0,19,0,0,0,0,8,0,0,0,0,0,0,0,0,0,0,1,0,2,0,0,0,0,0,0,0,0,2,2,0,0,8,1,1,1,2,25,0,1,1032,0,19,5,0,23,90,0,0,0,1,5,2,0,0,0,0,0,2,2,0,0,0,1,0,18,1,0,2,4,0,47,5,1,0,0,0,0,0,0,0,0,0,0,0,0,0,1,1,0,10,5,2,0,0,1,9,0,0,0
39,67,3,0,0,0,0,0,0,0,0,71,3,30,0,134,2,1,0,0,0,0,1,0,0,0,0,0,0,0,0,0,0,0,0,0,0,0,0,0,0,0,0,0,0,0,0,4,1,0,0,0,0,1,0,0,0,0,0,0,0,0,0,0,0,0,0,0,0,0,0,0,0,0,0,0,0,0,0,0,0,0,0,0,0,0,0,0,0,0,0,0,0,0,2,0,0,0,0,1,0,0,0,0,0,0,0,1,0,0,0,1,0,0,0,0,1,0,0,0,0,0,0,0,0,0,0,0,0,0,0,0,0,0,0,1,0,3,12,2,0,0,0,3,0,0,0
1035,5,0,3,0,9,4,48,14,5,1,2348,99,1009,7,2,2094,27,0,1,30,40,8,6,0,0,21,3,289,3,0,1,0,0,0,0,0,0,0,0,0,1,2,35,1,0,3,18,241,0,0,1,0,33,0,4,0,0,0,5,0,1,0,0,18,0,0,4,1,0,0,0,0,0,0,0,0,0,0,0,0,2,0,0,3,0,2,10,2,17,0,0,0,8,0,0,0,1,0,6,0,0,1,0,0,6,1,31,1,1,0,6,28,1,1,4,12,14,15,32,1,0,0,1,1,0,0,0,0,0,0,2,0,0,0,0,0,21,134,12,3,0,24,23,0,3,27
635,1,0,1,0,0,0,19,5,0,0,437,15,212,3,1,27,796,0,2,1,24,9,1,0,1,5,0,40,0,4,0,0,0,0,0,0,0,0,0,0,0,1,9,0,0,0,3,18,0,0,0,0,0,0,0,0,0,0,1,0,0,1,0,1,0,0,1,0,1,0,0,0,0,0,0,0,0,0,0,0,2,0,0,2,0,0,9,2,7,0,0,0,0,1,0,0,5,0,0,0,0,0,0,0,1,2,0,10,0,0,0,5,5,1,2,1,0,2,3,1,0,0,0,0,0,0,0,0,0,0,2,0,0,0,0,2,9,55,1,0,0,20,8,0,2,2
0,0,0,0,0,0,0,0,0,0,0,0,0,0,0,0,0,0,0,0,0,0,0,0,0,0,0,0,0,0,0,0,0,0,0,0,0,0,0,0,0,0,0,0,0,0,0,0,0,0,0,0,0,0,0,0,0,0,0,0,0,0,0,0,0,0,0,0,0,0,0,0,0,0,0,0,0,0,0,0,0,0,0,0,0,0,0,0,0,0,0,0,0,0,0,0,0,0,0,0,0,0,0,0,0,0,0,0,0,0,0,0,0,0,0,0,0,0,0,0,0,0,0,0,0,0,0,0,0,0,0,0,0,0,0,0,0,0,0,0,0,0,0,0,0,0,0
128,0,0,0,0,0,0,0,9,0,0,5,4,12,1,0,1,2,0,112,13,1,1,0,0,0,1,2,3,0,0,0,0,0,0,0,0,4,0,0,0,5,2,11,0,0,1,0,4,0,0,0,0,21,1,0,0,0,0,2,0,0,0,0,0,0,0,1,1,0,0,0,0,0,0,0,0,1,0,0,0,1,1,0,0,0,1,8,0,7,1,0,1,2,0,0,0,0,0,0,0,0,0,0,0,0,0,0,0,0,0,1,0,1,0,0,0,0,0,1,0,0,0,0,0,0,0,0,0,0,0,0,0,0,0,0,0,2,4,2,0,0,0,4,0,1,0
482,3,0,2,0,0,0,0,4,0,0,225,17,157,3,0,30,1,0,13,546,2,21,0,0,0,2,0,40,0,0,0,0,0,0,0,1,0,0,0,0,2,0,67,0,0,0,8,22,0,0,1,0,18,0,0,0,0,0,0,1,0,1,0,3,0,1,0,0,0,1,0,0,2,0,0,6,0,0,0,0,0,0,2,0,0,3,17,2,10,0,0,8,8,0,0,0,0,1,2,0,2,0,0,0,3,0,0,3,0,0,0,7,10,0,0,0,0,3,10,1,0,0,0,0,0,0,1,0,0,0,0,0,0,0,0,0,12,14,0,0,0,0,3,0,1,0
1595,1,0,0,5,0,0,30,115,129,0,220,32,193,9,0,40,24,0,1,2,2150,111,8,0,0,42,0,74,17,3,12,0,7,0,0,1,1,0,0,33,19,12,171,10,1,13,16,276,0,4,34,0,3,1,0,0,0,1,0,0,0,4,0,64,0,13,16,0,3,0,1,0,0,0,0,0,1,0,0,0,94,0,0,4,0,4,14,0,89,0,0,5,15,0,0,0,2,1,1,0,0,1,0,0,3,4,1,1,0,0,5,13,10,2,7,1,0,2,11,3,0,0,0,0,0,0,0,0,1,0,1,0,1,0,0,2,134,94,1,0,0,6,8,1,6,16
671,8,0,0,0,0,0,8,47,0,0,102,16,165,8,1,8,9,0,1,21,111,212,2,0,1,21,2,49,1,2,0,0,0,0,0,2,0,0,0,10,4,2,32,6,0,5,1,12,0,4,8,0,3,0,0,0,0,1,0,0,0,3,0,20,0,5,5,1,4,0,0,0,2,0,0,2,0,0,0,1,36,0,0,18,0,1,13,0,42,0,0,6,5,0,0,0,0,0,0,0,0,0,0,1,0,1,0,0,0,0,2,6,4,2,2,3,0,1,4,0,0,0,0,0,0,0,0,0,0,0,0,0,0,0,0,0,25,7,1,0,0,4,2,0,1,4
22,0,0,0,0,0,4,0,1,0,0,16,2,21,0,0,6,1,0,0,0,8,2,34,0,1,0,0,1,0,0,0,0,0,0,0,0,0,0,0,1,0,0,0,0,0,0,0,0,0,0,0,0,0,0,0,0,0,0,0,0,0,0,0,4,0,0,0,0,1,0,0,0,0,0,0,0,0,0,0,0,1,0,0,1,0,0,0,0,1,0,0,1,0,0,0,0,0,0,1,0,0,0,0,0,0,0,0,0,0,0,0,4,0,0,0,0,0,0,0,0,0,0,0,0,0,0,0,0,0,0,0,0,0,0,0,0,0,0,0,0,0,16,0,0,0,0
1,0,0,0,0,0,0,0,0,0,0,0,0,0,0,0,0,0,0,0,0,0,0,0,0,0,0,0,0,0,0,0,0,0,0,0,0,0,0,0,0,0,0,1,0,0,0,0,0,0,0,0,0,0,0,0,0,0,0,0,0,0,0,0,0,0,0,0,0,0,0,0,0,0,0,0,0,0,0,0,0,0,0,0,0,0,0,0,0,0,0,0,0,0,0,0,0,0,0,0,0,0,0,0,0,0,0,0,0,0,0,0,0,0,0,0,0,0,0,0,0,0,0,0,0,0,0,0,0,0,0,0,0,0,0,0,0,0,0,0,0,0,0,0,0,0,0
4,0,0,4,0,0,0,0,0,0,0,2,0,4,0,0,0,1,0,0,0,0,1,1,0,20,0,2,0,0,0,0,0,0,0,0,0,0,0,0,0,0,0,0,0,0,0,0,0,0,0,0,0,1,0,0,0,0,0,0,0,0,0,0,0,0,0,0,0,0,0,0,0,1,0,0,0,0,0,0,0,1,0,0,1,0,0,0,0,0,0,0,6,0,0,0,0,0,0,0,0,0,0,0,0,0,0,0,0,0,0,0,0,0,0,0,0,0,0,0,0,0,0,0,0,0,0,0,0,0,0,0,0,0,0,0,0,0,0,0,0,0,0,0,0,0,0
923,13,0,0,0,0,0,6,38,42,0,1561,18,716,4,0,21,5,0,1,2,42,21,0,0,0,8022,0,59,0,0,0,0,0,0,0,0,12,0,0,1,0,6,208,0,1,0,14,457,0,0,0,0,4,0,0,0,0,0,0,0,0,4,0,2,0,1,1,0,0,0,0,0,0,0,0,0,0,0,3,1,6,35,0,4,0,0,10,0,22,0,0,8,0,0,0,0,0,0,18,0,0,2,0,1,0,0,1,0,0,0,1,0,55,1,0,1,0,3,1,0,0,0,0,24,18,1,2,0,2,0,0,0,0,0,0,0,33,132,48,3,0,0,2,0,2,2
15,0,0,0,0,0,0,0,0,0,0,1,0,7,0,0,3,0,0,2,0,0,2,0,0,2,0,4,2,0,0,0,0,0,0,0,0,0,0,0,0,0,0,2,0,0,0,0,0,0,0,0,0,1,0,0,0,0,0,0,0,0,0,0,0,0,0,0,0,1,1,0,0,2,0,0,0,1,0,0,0,2,0,0,0,0,0,0,0,1,0,0,0,0,0,0,0,0,0,0,0,0,0,0,0,0,0,0,0,0,0,0,0,0,0,0,0,0,0,0,0,0,0,0,0,0,0,0,0,0,0,0,0,0,0,0,0,0,0,0,0,0,0,0,0,0,0
5699,0,3,10,0,1,1,11,161,1,0,1498,59,929,8,0,289,40,0,3,40,74,49,1,0,0,59,2,3504,0,5,1,0,2,0,0,3,6,1,70,1,6,2,87,2,8,7,9,254,0,1,7,0,67,1,1,4,3,0,1,0,1,3,0,8,0,0,1,2,0,1,0,0,0,0,3,9,41,0,1,8,41,68,8,6,0,18,63,8,90,1,0,14,27,0,0,3,12,3,5,5,6,3,0,1,8,4,6,9,1,1,9,35,29,2,12,7,1,64,110,10,0,1,2,1,0,1,0,3,6,1,0,0,4,0,0,4,112,97,29,1,0,13,17,0,29,69
52,0,0,0,0,0,0,2,0,1,0,0,0,2,0,0,3,0,0,0,0,17,1,0,0,0,0,0,0,54,0,0,0,1,0,0,0,0,0,0,0,1,0,37,3,1,0,0,24,0,0,1,0,0,0,2,0,0,0,0,0,0,0,0,0,0,1,1,0,0,0,0,0,0,0,0,0,0,0,0,0,0,0,0,0,0,0,0,0,0,0,0,2,0,0,0,0,0,0,0,0,0,0,0,0,0,0,0,0,0,0,0,0,0,0,0,0,0,0,0,0,0,0,0,0,0,0,0,0,0,0,0,0,0,0,0,0,8,1,2,0,0,0,0,0,0,0
12,0,0,0,0,0,0,0,1,0,0,10,0,6,1,0,0,4,0,0,0,3,2,0,0,0,0,0,5,0,0,0,0,0,0,0,0,0,0,0,0,0,0,1,0,0,0,1,0,0,0,0,0,1,1,0,0,0,0,0,0,0,0,0,0,0,0,0,0,0,0,0,0,0,0,0,0,1,0,0,0,1,0,0,0,0,0,1,0,1,0,0,0,0,0,0,0,0,0,0,0,0,0,0,0,0,0,0,0,0,0,1,0,0,0,0,0,0,0,0,0,0,0,0,0,0,0,0,0,0,0,0,0,0,0,0,0,1,0,0,0,0,0,0,0,0,0
805,3,0,0,0,0,1,16,13,4,0,19,4,4,2,0,1,0,0,0,0,12,0,0,0,0,0,0,1,0,0,2134,0,237,183,0,0,1,0,0,0,5,0,84,0,0,0,0,61,0,0,1,0,0,0,0,0,0,0,0,2,0,0,0,4,0,0,0,0,0,0,0,1,0,0,0,0,0,0,0,1,1,0,0,0,0,0,0,1,20,1,0,0,3,0,0,0,2,0,2,0,0,0,0,1,2,0,0,6,0,0,0,8,6,0,0,3,0,4,0,1,0,0,0,2,0,0,0,0,0,0,0,0,0,0,0,1,17,32,2,3,0,0,8,0,3,1
2,0,0,0,0,0,0,0,0,0,0,0,0,0,0,0,0,0,0,0,0,0,0,0,0,0,0,0,0,0,0,0,6,0,0,0,0,2,1,0,0,0,0,2,0,0,0,0,0,0,0,0,0,0,0,0,0,0,0,0,0,0,0,0,0,0,0,0,0,0,0,0,1,0,0,0,0,0,0,0,0,0,0,0,0,0,0,0,0,0,0,0,0,0,0,0,0,0,0,0,0,0,0,0,0,0,0,0,0,0,0,0,0,0,0,0,0,0,0,0,0,0,0,0,0,0,0,0,0,0,0,0,0,0,0,0,0,0,0,0,0,0,0,0,0,0,0
222,0,1,0,0,0,0,1,0,0,0,2,0,0,0,0,0,0,0,0,0,7,0,0,0,0,0,0,2,1,0,237,0,214,17,0,0,0,0,0,0,0,0,5,0,0,0,0,27,0,0,0,0,0,0,0,0,0,0,0,1,0,0,0,1,0,0,1,0,0,0,0,0,0,0,0,0,0,0,0,0,0,0,0,0,0,0,0,2,1,0,0,0,0,0,0,0,0,0,0,0,0,0,0,0,2,0,2,0,0,0,0,2,1,0,0,0,0,0,0,0,0,0,0,1,0,0,0,0,0,1,0,0,0,0,0,0,4,16,0,0,0,0,1,0,0,0
119,0,0,0,0,0,0,0,2,0,0,1,2,1,2,0,0,0,0,0,0,0,0,0,0,0,0,0,0,0,0,183,0,17,712,0,0,0,0,0,0,0,0,1,0,0,4,0,1,0,0,0,0,0,0,0,0,0,0,0,4,0,0,0,0,0,0,0,0,0,0,0,0,0,0,0,0,0,0,0,0,0,0,0,0,0,0,0,0,3,2,0,0,0,0,0,0,0,0,0,0,1,0,0,0,1,0,0,0,0,0,0,0,0,0,0,3,0,0,0,0,0,0,0,0,0,0,0,0,2,0,0,0,0,0,0,0,0,12,15,2,0,0,4,0,0,0
2,0,0,0,0,0,0,0,0,0,0,0,0,0,0,0,0,0,0,0,0,0,0,0,0,0,0,0,0,0,0,0,0,0,0,0,0,0,0,0,0,0,0,0,0,0,0,0,0,0,0,0,0,0,0,0,0,0,0,0,0,0,0,0,0,0,0,0,0,0,0,0,0,0,0,0,0,0,0,0,0,0,0,0,0,0,0,0,0,0,0,0,0,0,0,0,0,0,0,0,0,0,0,0,0,0,0,0,0,0,0,0,0,0,0,0,0,0,0,0,0,0,0,0,0,0,0,0,0,0,0,0,0,0,0,0,0,0,0,0,0,0,0,0,0,0,0
56,0,0,0,0,2,0,0,0,0,0,0,0,13,0,0,0,0,0,0,1,1,2,0,0,0,0,0,3,0,0,0,0,0,0,0,194,2,13,3,0,1,0,2,0,0,0,0,0,0,1,3,0,1,0,0,0,0,0,0,0,0,0,0,0,0,1,0,1,0,0,0,6,0,0,0,1,0,0,0,0,2,0,0,0,0,0,0,0,2,1,0,0,0,0,0,0,1,0,0,0,0,0,0,0,0,0,0,0,0,0,2,0,0,0,0,0,0,0,0,0,0,0,0,0,0,0,0,0,0,0,0,0,0,0,0,0,7,0,0,0,0,0,1,0,0,0
26,0,0,0,0,0,0,0,2,6,0,2,2,7,0,0,0,0,0,4,0,1,0,0,0,0,12,0,6,0,0,1,2,0,0,0,2,206,25,0,7,0,6,27,0,0,0,3,29,0,0,0,0,2,0,0,0,0,0,0,0,0,0,0,3,0,0,0,0,0,0,0,0,0,0,0,0,0,0,0,0,0,0,0,1,0,0,0,0,0,0,0,0,0,0,0,2,0,0,0,0,0,0,0,24,0,0,0,2,0,0,0,0,0,0,0,0,0,0,0,8,0,0,0,4,2,0,0,0,0,0,0,0,1,0,0,0,3,111,8,0,0,10,0,0,0,0
10,0,0,0,0,0,0,0,0,0,0,0,0,0,0,0,0,0,0,0,0,0,0,0,0,0,0,0,1,0,0,0,1,0,0,0,13,25,82,0,1,0,0,2,0,0,0,0,18,0,0,0,0,0,0,0,0,0,0,0,0,0,0,0,0,0,0,0,0,0,0,1,0,0,0,0,4,0,0,0,0,0,0,0,0,0,0,0,0,0,0,0,0,0,0,0,0,0,0,0,0,0,0,0,1,0,0,0,0,0,0,0,0,0,0,0,0,0,0,0,0,0,0,0,0,0,0,0,0,0,0,0,0,0,0,0,0,0,20,0,0,0,0,0,0,0,0
108,0,0,0,0,0,0,0,0,0,0,0,0,0,0,0,0,0,0,0,0,0,0,0,0,0,0,0,70,0,0,0,0,0,0,0,3,0,0,348,1,0,0,1,0,1,0,0,0,1,0,2,0,0,0,0,0,0,0,0,0,0,0,0,0,0,0,0,0,0,0,0,5,0,0,0,0,0,0,0,0,0,0,0,0,0,0,0,0,0,0,0,0,0,0,0,0,0,0,0,0,0,0,0,0,0,0,0,0,0,0,0,0,0,0,0,0,0,0,0,0,0,0,0,0,0,0,0,0,0,0,0,0,0,0,0,0,0,0,0,0,0,0,0,0,0,0
700,0,0,0,0,0,0,0,7,0,0,4,0,6,0,0,0,0,0,0,0,33,10,1,0,0,1,0,1,0,0,0,0,0,0,0,0,7,1,1,352,486,1,152,12,0,3,0,2,1,76,118,0,0,0,0,0,0,0,0,0,0,0,0,5,0,2,1,2,7,0,1,1,1,0,0,11,0,0,0,0,14,0,0,0,0,0,1,0,3,0,0,6,8,0,0,0,0,0,2,0,1,1,0,0,9,0,0,0,0,0,0,1,1,1,0,0,0,0,0,0,0,0,0,0,0,0,0,0,0,0,0,0,0,0,0,2,63,1,0,0,0,1,1,0,4,0
2034,1,0,1,0,1,1,0,40,0,0,34,1,9,4,0,1,0,0,5,2,19,4,0,0,0,0,0,6,1,0,5,0,0,0,0,1,0,0,0,486,4662,1,575,20,0,0,1,23,0,604,423,0,41,0,0,0,0,0,0,0,0,0,0,0,0,2,0,6,0,0,0,1,0,0,0,19,0,0,0,12,1,0,0,0,0,0,4,0,8,6,0,26,24,0,10,2,4,0,1,0,1,1,0,4,38,0,0,0,0,0,0,2,1,0,9,0,0,22,2,4,0,0,0,0,0,0,0,0,0,0,0,0,0,0,0,0,156,34,3,6,0,0,18,0,16,2
218,12,0,0,3,0,0,1,3,1,0,21,8,47,2,0,2,1,0,2,0,12,2,0,0,0,6,0,2,0,0,0,0,0,0,0,0,6,0,0,1,1,164,104,0,0,0,4,5,0,0,1,0,0,0,1,0,0,0,0,0,0,0,0,0,0,0,1,0,0,0,0,0,3,0,0,0,0,0,0,0,1,0,6,5,0,1,15,7,1,0,0,0,9,0,0,0,3,0,2,0,0,0,0,3,1,0,0,0,0,0,0,5,2,0,14,1,0,13,2,0,0,0,0,0,0,0,0,0,1,0,0,0,0,0,0,0,5,27,24,0,0,0,0,0,2,0
1412,0,0,5,7,3,0,1,21,7,0,434,17,147,0,0,35,9,0,11,67,171,32,0,1,0,208,2,87,37,1,84,2,5,1,0,2,27,2,1,152,575,104,4036,37,13,30,20,625,0,64,65,0,19,2,0,0,7,0,31,0,0,3,0,76,0,2,3,3,0,1,0,1,0,0,0,1,0,0,0,6,11,0,0,2,0,1,6,0,8,2,0,7,8,0,0,0,4,0,4,0,0,1,0,3,33,1,10,3,0,1,2,9,14,2,2,9,2,6,16,7,3,0,0,3,3,0,0,0,3,0,0,0,0,0,0,0,245,149,28,1,0,14,15,3,7,13
63,0,0,0,0,0,0,0,3,0,0,0,0,2,0,0,1,0,0,0,0,10,6,0,0,0,0,0,2,3,0,0,0,0,0,0,0,0,0,0,12,20,0,37,16,0,0,0,16,0,3,4,0,6,0,0,0,0,0,0,0,0,0,0,7,0,1,1,0,0,0,0,0,0,0,0,0,0,0,0,0,4,0,0,0,0,0,0,0,1,0,0,0,0,0,0,0,0,0,0,0,0,0,0,0,0,0,1,0,0,0,0,0,5,1,4,0,0,0,0,0,0,0,0,0,0,0,0,0,0,0,0,0,0,0,0,0,9,0,0,0,0,0,0,0,0,0
41,8,0,0,0,0,0,0,2,0,0,17,0,14,0,0,0,0,0,0,0,1,0,0,0,0,1,0,8,1,0,0,0,0,0,0,0,0,0,1,0,0,0,13,0,108,5,0,0,2,0,2,0,0,0,0,0,0,0,0,0,0,0,0,0,0,0,0,0,0,0,0,1,0,0,0,0,0,0,0,3,0,0,0,0,0,0,0,0,0,0,0,0,0,0,0,0,0,4,0,1,0,0,0,0,0,0,1,0,0,0,0,0,0,0,0,0,0,0,0,0,1,0,0,0,0,0,0,0,2,0,0,0,0,0,0,0,0,3,0,0,0,0,1,0,0,0
188,0,0,0,0,0,0,0,3,0,0,17,2,21,0,0,3,0,0,1,0,13,5,0,0,0,0,0,7,0,0,0,0,0,4,0,0,0,0,0,3,0,0,30,0,5,72,0,50,0,0,0,0,0,0,0,0,0,0,0,0,0,0,0,6,0,0,1,0,0,1,0,0,0,0,0,0,0,0,0,0,0,0,0,0,0,0,0,0,0,0,0,1,8,0,0,1,0,0,0,0,0,0,0,0,0,0,0,0,0,0,0,1,0,0,0,0,0,0,0,0,0,0,0,0,0,0,0,0,2,0,0,0,0,0,0,0,35,17,1,0,0,1,0,2,0,1
85,6,0,10,1,1,0,0,20,4,0,238,387,180,0,4,18,3,0,0,8,16,1,0,0,0,14,0,9,0,1,0,0,0,0,0,0,3,0,0,0,1,4,20,0,0,0,134,15,0,0,2,0,5,0,0,0,0,0,0,2,0,0,0,1,0,0,0,0,0,0,0,0,0,0,0,0,0,0,0,0,0,0,0,0,0,1,0,0,2,0,0,0,1,0,0,0,3,0,1,3,0,0,0,0,0,0,0,8,0,0,0,1,0,0,0,0,0,1,2,0,0,0,0,0,0,0,0,1,1,0,0,0,0,0,0,0,16,41,4,5,0,0,1,0,2,0
3212,1,0,0,0,0,0,41,87,90,0,1791,29,699,19,1,241,18,0,4,22,276,12,0,0,0,457,0,254,24,0,61,0,27,1,0,0,29,18,0,2,23,5,625,16,0,50,15,32674,0,5,8,0,73,3,0,0,0,3,16,0,0,0,0,43,0,4,9,0,8,0,6,0,0,0,0,8,11,0,0,33,17,0,0,5,0,7,33,0,9,3,0,5,15,0,0,0,16,0,9,0,16,0,0,6,117,5,2,4,0,2,7,9,47,13,53,18,3,6,55,11,0,0,0,18,0,1,0,3,1,0,0,0,0,0,0,0,189,838,54,2,0,184,9,41,140,94
3,0,0,0,0,0,0,0,0,0,0,0,0,0,0,0,0,0,0,0,0,0,0,0,0,0,0,0,0,0,0,0,0,0,0,0,0,0,0,1,1,0,0,0,0,2,0,0,0,0,0,0,0,0,0,0,0,0,0,0,0,0,0,0,0,0,0,0,0,0,0,0,0,0,0,0,0,0,0,0,1,0,0,0,0,0,0,0,0,0,0,0,0,0,0,0,0,0,2,0,0,0,0,0,0,0,0,0,0,0,0,0,0,0,0,0,0,0,0,0,0,0,0,0,0,0,0,0,0,0,0,0,0,0,0,0,0,0,0,0,0,0,0,0,0,0,0
399,0,0,0,0,0,0,0,4,0,0,0,0,2,0,0,0,0,0,0,0,4,4,0,0,0,0,0,1,0,0,0,0,0,0,0,1,0,0,0,76,604,0,64,3,0,0,0,5,0,332,182,0,0,0,0,0,0,0,0,0,0,0,0,0,0,2,0,0,0,0,0,0,0,0,0,0,0,0,0,0,0,0,0,0,0,0,0,0,2,0,0,10,0,0,0,0,0,0,0,0,0,0,0,2,1,0,0,0,0,0,0,0,0,0,0,0,0,0,0,0,0,0,0,0,0,0,0,0,0,0,0,0,0,0,0,0,6,1,0,0,0,0,0,0,1,0
991,0,0,0,0,2,0,0,3,0,0,10,3,23,0,0,1,0,0,0,1,34,8,0,0,0,0,0,7,1,0,1,0,0,0,0,3,0,0,2,118,423,1,65,4,2,0,2,8,0,182,1020,0,9,0,0,0,2,0,1,0,0,0,0,6,0,4,2,0,1,0,0,2,2,0,0,0,1,0,0,1,12,0,0,0,0,0,0,0,1,0,0,11,12,0,0,0,2,0,0,0,1,1,0,0,3,0,0,0,0,0,0,0,1,0,1,0,0,2,0,1,0,0,0,0,0,0,0,0,2,0,0,0,0,0,0,0,19,3,0,0,0,0,0,0,1,2
8,0,0,0,0,1,0,0,0,0,0,0,0,1,0,0,0,0,0,0,0,0,0,0,0,0,0,0,0,0,0,0,0,0,0,0,0,0,0,0,0,0,0,0,0,0,0,0,0,0,0,0,8,0,0,0,0,0,0,0,0,0,1,0,0,0,0,0,0,0,0,0,0,0,0,0,0,0,0,0,0,0,0,0,0,0,0,0,0,1,0,0,2,0,0,0,0,0,0,0,0,0,0,0,0,0,3,0,0,0,0,0,0,0,0,0,0,0,0,0,0,0,0,0,0,0,0,0,0,0,0,0,0,0,0,10,0,0,1,0,0,0,0,0,0,0,0
1757,22,12,32,8,3,1,23,532,10,0,264,52,145,8,1,33,0,0,21,18,3,3,0,0,1,4,1,67,0,1,0,0,0,0,0,1,2,0,0,0,41,0,19,6,0,0,5,73,0,0,9,0,3270,4,10,8,9,0,3,4,12,9,0,32,0,0,1,4,0,6,0,0,0,0,1,8,8,0,0,2,24,0,1,25,0,9,33,3,120,3,0,9,9,0,3,5,11,0,1,0,3,2,0,1,12,2,2,2,0,0,0,4,10,0,3,4,2,10,53,11,2,0,0,0,0,0,0,6,0,1,0,0,0,1,0,0,26,163,15,12,0,4,11,1,10,31
28,0,0,3,4,0,1,0,4,0,0,7,0,16,0,0,0,0,0,1,0,1,0,0,0,0,0,0,1,0,1,0,0,0,0,0,0,0,0,0,0,0,0,2,0,0,0,0,3,0,0,0,0,4,48,0,1,1,0,15,0,0,1,0,133,0,0,8,2,3,0,0,0,0,0,0,0,0,0,0,0,0,0,0,0,0,1,0,0,1,0,0,0,3,0,0,0,0,0,0,0,0,0,0,0,0,0,0,0,0,0,1,0,2,0,0,0,0,1,1,0,0,0,0,0,0,0,0,0,0,0,0,0,0,0,0,0,1,8,0,2,0,1,0,0,0,0
34,0,0,0,0,0,0,0,2,0,0,2,0,0,0,0,4,0,0,0,0,0,0,0,0,0,0,0,1,2,0,0,0,0,0,0,0,0,0,0,0,0,1,0,0,0,0,0,0,0,0,0,0,10,0,116,0,6,0,1,0,0,0,0,9,0,0,5,4,0,0,0,0,0,0,0,0,0,0,0,2,0,0,0,0,0,0,0,0,0,0,0,0,0,0,0,0,0,0,0,0,7,0,0,1,0,0,0,0,0,0,0,0,2,0,0,0,0,0,1,1,0,0,1,4,0,0,0,0,0,0,0,0,2,0,0,0,6,6,3,1,0,0,0,0,3,4
71,14,0,4,0,0,0,0,108,0,0,7,0,0,0,0,0,0,0,0,0,0,0,0,0,0,0,0,4,0,0,0,0,0,0,0,0,0,0,0,0,0,0,0,0,0,0,0,0,0,0,0,0,8,1,0,218,7,0,0,0,0,0,0,0,0,8,0,0,0,6,0,0,0,0,0,0,0,0,0,0,0,0,0,0,0,0,1,0,1,3,0,1,0,0,0,0,0,0,0,0,0,0,0,0,0,0,1,0,0,0,0,1,0,0,0,0,0,0,7,0,0,0,0,0,0,0,0,0,0,0,0,0,0,0,0,0,8,0,0,0,0,0,0,0,7,0
291,0,0,2,0,0,0,0,17,0,0,10,0,9,0,0,0,0,0,0,0,0,0,0,0,0,0,0,3,0,0,0,0,0,0,0,0,0,0,0,0,0,0,7,0,0,0,0,0,0,0,2,0,9,1,6,7,484,0,1,0,1,8,0,22,0,0,0,0,0,0,0,0,0,0,0,0,0,0,0,0,0,0,0,0,0,0,1,0,6,0,0,0,2,0,0,0,0,0,0,0,0,0,0,0,0,0,0,0,0,0,1,0,0,0,0,0,0,1,0,0,0,0,0,0,0,0,0,0,0,0,0,0,0,0,0,0,1,18,0,1,0,0,0,1,0,8
14,0,0,0,0,0,0,0,0,0,0,2,0,1,0,0,0,0,0,0,0,1,1,0,0,0,0,0,0,0,0,0,0,0,0,0,0,0,0,0,0,0,0,0,0,0,0,0,3,0,0,0,0,0,0,0,0,0,24,0,0,0,2,0,1,1,1,1,0,0,0,0,0,0,0,0,0,0,0,0,0,0,0,0,1,0,0,0,0,1,0,0,0,0,0,0,0,0,0,0,0,1,0,0,0,0,0,0,0,0,0,0,0,0,0,0,0,0,0,0,0,0,0,0,1,0,0,0,9,0,0,0,0,0,0,0,0,0,6,0,1,0,0,0,0,0,0
21,1,0,0,0,0,10,0,0,31,0,7,0,1,0,0,5,1,0,2,0,0,0,0,0,0,0,0,1,0,0,0,0,0,0,0,0,0,0,0,0,0,0,31,0,0,0,0,16,0,0,1,0,3,15,1,0,1,0,324,0,0,2,0,296,0,1,30,15,0,0,0,0,0,0,0,0,0,0,0,0,0,0,0,0,0,0,0,0,0,0,0,0,1,0,0,0,0,0,0,0,14,0,0,5,9,1,0,0,0,0,2,0,15,1,0,1,0,0,0,0,0,0,0,1,0,0,0,0,0,0,0,0,0,0,0,0,12,77,0,3,0,0,0,2,8,0
35,2,1,17,0,0,0,0,0,0,0,1,7,2,0,0,0,0,0,0,1,0,0,0,0,0,0,0,0,0,0,2,0,1,4,0,0,0,0,0,0,0,0,0,0,0,0,2,0,0,0,0,0,4,0,0,0,0,0,0,146,0,0,0,0,0,0,0,1,0,0,0,0,0,0,0,0,0,0,0,0,0,0,0,0,0,0,0,0,0,0,0,0,0,0,0,0,1,1,0,0,0,0,0,0,1,0,2,0,0,0,1,0,2,0,0,0,0,0,1,1,0,0,0,0,0,0,0,0,0,2,0,0,0,0,0,0,2,2,4,0,0,0,5,0,0,0
9,0,0,0,0,0,0,0,0,0,0,0,0,0,0,0,1,0,0,0,0,0,0,0,0,0,0,0,1,0,0,0,0,0,0,0,0,0,0,0,0,0,0,0,0,0,0,0,0,0,0,0,0,12,0,0,0,1,0,0,0,6,1,0,0,0,0,0,0,0,0,0,0,0,0,0,0,0,0,0,0,0,0,0,0,0,0,0,0,0,0,0,0,0,0,0,0,0,0,0,0,0,0,0,0,0,0,0,0,0,0,0,0,0,0,0,0,0,0,0,0,0,0,0,0,0,0,0,0,0,0,0,0,0,0,0,0,0,1,0,0,0,0,0,0,0,0
64,0,0,1,0,0,0,0,13,0,0,5,0,4,0,0,0,1,0,0,1,4,3,0,0,0,4,0,3,0,0,0,0,0,0,0,0,0,0,0,0,0,0,3,0,0,0,0,0,0,0,0,1,9,1,0,0,8,2,2,0,1,42,0,20,0,14,7,0,0,0,0,0,0,0,0,0,0,0,0,0,4,0,0,2,0,0,1,0,7,0,0,0,0,0,0,0,0,0,1,0,0,0,0,0,0,3,0,0,0,0,0,0,0,1,0,0,0,0,1,0,0,0,0,0,0,0,0,1,0,0,1,0,0,0,1,0,1,8,0,0,0,0,0,0,1,3
4,0,0,0,0,0,0,0,0,0,0,3,0,1,0,0,0,0,0,0,0,0,0,0,0,0,0,0,0,0,0,0,0,0,0,0,0,0,0,0,0,0,0,0,0,0,0,0,0,0,0,0,0,0,0,0,0,0,0,0,0,0,0,10,1,0,1,0,0,0,0,0,0,0,0,0,0,0,0,0,0,1,1,0,0,0,0,0,0,1,0,0,0,5,0,0,0,0,0,0,0,0,1,0,0,0,0,3,0,0,0,0,0,1,0,0,0,0,0,0,0,0,0,0,0,0,0,0,0,0,0,0,0,0,0,0,0,0,1,6,0,0,0,0,0,0,0
363,0,0,8,0,2,9,2,25,20,0,33,3,21,1,0,18,1,0,0,3,64,20,4,0,0,2,0,8,0,0,4,0,1,0,0,0,3,0,0,5,0,0,76,7,0,6,1,43,0,0,6,0,32,133,9,0,22,1,296,0,0,20,1,3102,0,29,110,19,1,0,0,0,0,0,0,0,0,0,0,1,12,3,0,2,0,3,1,1,17,0,0,1,1,0,0,12,2,0,0,0,12,0,0,4,8,1,2,6,0,0,5,6,47,4,3,2,0,0,4,1,0,0,0,4,1,1,0,0,3,1,0,0,0,0,0,2,56,183,6,21,0,8,1,1,26,78
16,6,0,0,0,0,0,0,0,0,0,0,0,0,0,0,0,0,0,0,0,0,0,0,0,0,0,0,0,0,0,0,0,0,0,0,0,0,0,0,0,0,0,0,0,0,0,0,0,0,0,0,0,0,0,0,0,0,1,0,0,0,0,0,0,2,0,0,0,0,0,0,0,0,0,0,0,0,0,0,0,0,0,0,0,0,0,0,0,0,0,0,0,0,0,0,0,0,0,0,0,0,0,0,0,0,0,0,0,0,0,0,0,0,0,0,0,0,0,0,0,0,0,0,0,0,0,0,0,0,0,0,0,0,0,0,0,0,0,0,0,0,0,0,0,0,0
160,2,0,0,0,0,0,0,4,0,0,7,0,7,2,0,0,0,0,0,1,13,5,0,0,0,1,0,0,1,0,0,0,0,0,0,1,0,0,0,2,2,0,2,1,0,0,0,4,0,2,4,0,0,0,0,8,0,1,1,0,0,14,1,29,0,30,41,0,3,0,0,5,0,0,0,8,0,0,0,0,7,0,1,0,0,1,2,0,2,0,0,3,0,0,0,0,0,1,0,0,0,0,0,1,1,0,0,0,0,0,0,1,0,2,3,0,0,0,2,1,0,0,0,0,0,0,0,0,0,0,0,0,0,0,0,0,0,0,0,0,0,2,0,0,3,0
130,0,0,0,0,0,2,0,4,0,0,7,0,8,0,0,4,1,0,1,0,16,5,0,0,0,1,0,1,1,0,0,0,1,0,0,0,0,0,0,1,0,1,3,1,0,1,0,9,0,0,2,0,1,8,5,0,0,1,30,0,0,7,0,110,0,41,70,3,0,0,0,0,0,0,0,0,0,0,0,2,5,0,0,1,0,0,1,0,3,0,0,0,1,0,0,0,0,0,0,0,6,0,0,1,0,0,0,0,0,0,8,1,0,1,1,0,0,0,5,1,0,0,0,0,0,0,0,6,0,0,1,0,2,0,0,0,12,11,0,1,0,4,0,0,3,1
30,4,0,1,0,0,2,1,1,1,0,15,1,8,0,0,1,0,0,1,0,0,1,0,0,0,0,0,2,0,0,0,0,0,0,0,1,0,0,0,2,6,0,3,0,0,0,0,0,0,0,0,0,4,2,4,0,0,0,15,1,0,0,0,19,0,0,3,112,0,0,0,0,0,0,0,2,2,0,0,0,2,0,0,1,0,0,1,2,1,7,0,1,1,0,2,0,0,0,0,0,1,0,0,0,0,0,3,0,0,0,0,1,0,0,0,1,0,0,7,0,0,0,0,1,0,0,0,0,0,0,0,0,0,0,0,0,0,2,3,3,0,0,6,0,0,1
158,0,0,0,1,0,0,0,1,0,0,1,0,28,0,0,0,1,0,0,0,3,4,1,0,0,0,1,0,0,0,0,0,0,0,0,0,0,0,0,7,0,0,0,0,0,0,0,8,0,0,1,0,0,3,0,0,0,0,0,0,0,0,0,1,0,3,0,0,108,0,0,0,0,0,0,0,0,0,0,0,6,0,0,0,0,0,0,9,1,0,0,4,5,0,0,0,0,0,1,0,0,1,0,3,1,0,0,0,0,0,0,0,0,0,0,0,0,0,0,0,0,0,0,0,0,0,0,0,0,0,0,0,0,0,2,0,1,2,0,1,0,0,0,0,0,0
14,0,0,0,0,0,0,0,0,0,0,9,0,2,0,0,0,0,0,0,1,0,0,0,0,0,0,1,1,0,0,0,0,0,0,0,0,0,0,0,0,0,0,1,0,0,1,0,0,0,0,0,0,6,0,0,6,0,0,0,0,0,0,0,0,0,0,0,0,0,88,3,0,0,0,0,0,0,0,0,1,0,0,0,0,0,0,0,3,2,0,0,0,0,0,0,0,0,0,0,0,0,0,0,11,0,0,0,0,0,0,0,1,0,0,0,0,0,0,1,0,0,0,0,0,0,0,0,0,0,0,0,0,0,0,0,0,0,6,0,0,0,0,0,0,0,0
22,0,0,0,0,0,5,0,0,0,0,0,0,1,0,0,0,0,0,0,0,1,0,0,0,0,0,0,0,0,0,0,0,0,0,0,0,0,1,0,1,0,0,0,0,0,0,0,6,0,0,0,0,0,0,0,0,0,0,0,0,0,0,0,0,0,0,0,0,0,3,24,0,0,0,0,0,0,0,0,0,0,0,0,0,0,0,0,0,0,0,0,0,2,0,1,0,0,0,0,0,0,0,0,0,0,0,0,0,0,0,1,0,0,0,0,1,0,0,0,0,0,0,0,0,0,0,0,0,0,0,0,0,0,0,0,0,0,9,0,0,0,0,0,0,0,0
42,0,0,0,0,0,0,0,0,0,0,0,0,0,0,0,0,0,0,0,0,0,0,0,0,0,0,0,0,0,0,1,1,0,0,0,6,0,0,5,1,1,0,1,0,1,0,0,0,0,0,2,0,0,0,0,0,0,0,0,0,0,0,0,0,0,5,0,0,0,0,0,24,0,0,0,0,0,0,0,0,0,0,0,0,0,0,0,0,0,3,0,0,0,0,0,0,0,0,0,0,0,0,0,0,0,0,0,0,0,0,0,0,0,0,0,2,0,0,0,0,0,0,0,0,0,0,0,0,0,0,0,0,0,0,0,0,0,0,0,0,0,0,0,0,0,0
24,0,0,0,0,0,0,0,0,0,0,2,0,3,0,0,0,0,0,0,2,0,2,0,0,1,0,2,0,0,0,0,0,0,0,0,0,0,0,0,1,0,3,0,0,0,0,0,0,0,0,2,0,0,0,0,0,0,0,0,0,0,0,0,0,0,0,0,0,0,0,0,0,36,0,0,0,2,0,0,0,1,0,3,0,0,0,2,9,0,0,0,1,4,0,0,0,0,0,0,0,0,0,0,0,0,0,0,0,0,0,0,0,0,0,0,0,0,1,0,0,0,0,0,0,0,0,0,0,0,0,0,0,0,0,0,0,0,0,0,0,0,0,0,0,0,0
11,0,0,0,0,0,0,0,1,0,0,0,0,1,0,0,0,0,0,0,0,0,0,0,0,0,0,0,0,0,0,0,0,0,0,0,0,0,0,0,0,0,0,0,0,0,0,0,0,0,0,0,0,0,0,0,0,0,0,0,0,0,0,0,0,0,0,0,0,0,0,0,0,0,14,0,0,1,0,0,0,0,0,0,0,0,0,0,0,0,0,0,0,1,0,0,0,0,0,0,0,0,0,0,0,0,0,0,0,0,0,0,0,0,0,0,0,0,0,0,0,0,0,0,0,0,0,0,0,0,0,0,0,0,0,0,0,0,0,0,0,0,0,0,0,1,0
20,0,0,0,0,0,0,0,1,1,0,0,0,1,2,0,0,0,0,0,0,0,0,0,0,0,0,0,3,0,0,0,0,0,0,0,0,0,0,0,0,0,0,0,0,0,0,0,0,0,0,0,0,1,0,0,0,0,0,0,0,0,0,0,0,0,0,0,0,0,0,0,0,0,0,16,15,0,0,0,3,0,0,0,0,0,0,0,0,0,0,0,0,1,0,0,0,0,0,0,0,0,3,0,0,3,0,0,3,0,0,0,0,0,0,0,0,0,0,0,3,0,0,0,0,0,0,0,0,0,0,0,0,0,0,0,0,0,3,2,0,0,0,0,0,0,1
720,0,0,0,0,2,0,0,72,0,0,2,0,8,2,0,0,0,0,0,6,0,2,0,0,0,0,0,9,0,0,0,0,0,0,0,1,0,4,0,11,19,0,1,0,0,0,0,8,0,0,0,0,8,0,0,0,0,0,0,0,0,0,0,0,0,8,0,2,0,0,0,0,0,0,15,1442,0,0,0,0,7,0,0,0,0,0,2,1,2,1,0,7,14,0,0,0,0,0,0,0,0,0,0,0,2,0,0,0,0,0,0,0,0,1,0,0,0,0,4,0,0,0,0,0,0,0,0,0,0,0,0,0,0,1,0,0,9,4,0,0,0,2,0,2,1,0
439,0,0,0,0,0,0,0,1,0,0,4,4,11,0,0,0,0,0,1,0,1,0,0,0,0,0,1,41,0,1,0,0,0,0,0,0,0,0,0,0,0,0,0,0,0,0,0,11,0,0,1,0,8,0,0,0,0,0,0,0,0,0,0,0,0,0,0,2,0,0,0,0,2,1,0,0,814,0,0,0,0,1,0,22,0,0,10,0,6,2,1,4,9,0,2,0,0,0,0,0,0,0,0,2,5,0,0,0,0,0,0,2,0,0,0,0,0,0,0,1,0,0,0,0,0,0,0,0,0,0,0,0,0,0,0,0,14,9,0,0,0,2,13,0,0,7
2,5,0,0,0,0,0,0,0,0,0,1,0,0,0,0,0,0,0,0,0,0,0,0,0,0,0,0,0,0,0,0,0,0,0,0,0,0,0,0,0,0,0,0,0,0,0,0,0,0,0,0,0,0,0,0,0,0,0,0,0,0,0,0,0,0,0,0,0,0,0,0,0,0,0,0,0,0,2,0,0,0,0,0,0,0,0,0,0,0,0,0,0,0,0,0,0,0,0,0,0,0,0,0,0,0,0,0,0,0,0,0,0,0,0,0,1,0,1,0,0,0,0,0,0,0,0,0,0,0,0,0,0,0,0,0,1,0,1,0,0,0,0,0,0,0,0
8,0,0,0,0,0,0,0,0,0,0,2,0,1,8,0,0,0,0,0,0,0,0,0,0,0,3,0,1,0,0,0,0,0,0,0,0,0,0,0,0,0,0,0,0,0,0,0,0,0,0,0,0,0,0,0,0,0,0,0,0,0,0,0,0,0,0,0,0,0,0,0,0,0,0,0,0,0,0,8,0,0,0,0,0,0,0,11,0,1,0,0,0,0,0,0,0,0,0,0,0,0,0,0,0,0,0,0,0,0,0,0,0,0,0,0,0,0,0,0,0,0,0,0,0,0,0,0,0,0,0,0,0,0,0,0,0,0,0,0,0,0,0,0,0,0,0
118,4,0,0,0,0,0,0,0,1,0,17,0,14,1,0,0,0,0,0,0,0,1,0,0,0,1,0,8,0,0,1,0,0,0,0,0,0,0,0,0,12,0,6,0,3,0,0,33,1,0,1,0,2,0,2,0,0,0,0,0,0,0,0,1,0,0,2,0,0,1,0,0,0,0,3,0,0,0,0,80,4,1,0,0,0,0,0,0,2,0,0,1,8,0,0,0,0,0,1,0,8,10,0,0,12,0,0,6,0,0,0,0,3,0,1,0,0,2,18,1,0,0,0,0,0,0,0,0,0,0,0,0,0,0,1,0,3,2,0,0,0,0,2,0,2,0
902,2,0,5,2,0,0,0,26,1,0,50,3,63,1,0,2,2,0,1,0,94,36,1,0,1,6,2,41,0,1,1,0,0,0,0,2,0,0,0,14,1,1,11,4,0,0,0,17,0,0,12,0,24,0,0,0,0,0,0,0,0,4,1,12,0,7,5,2,6,0,0,0,1,0,0,7,0,0,0,4,2864,20,0,1,0,5,5,1,25,0,0,13,6,0,0,0,0,0,0,0,17,0,0,1,0,0,0,0,0,0,1,5,2,1,0,4,0,2,1,1,0,0,0,0,0,0,0,0,0,1,0,0,1,0,0,1,35,6,1,0,0,1,7,2,2,5
497,0,0,0,0,0,0,0,1,0,0,2,1,7,1,0,0,0,0,1,0,0,0,0,0,0,35,0,68,0,0,0,0,0,0,0,0,0,0,0,0,0,0,0,0,0,0,0,0,0,0,0,0,0,0,0,0,0,0,0,0,0,0,1,3,0,0,0,0,0,0,0,0,0,0,0,0,1,0,0,1,20,976,0,0,0,0,0,0,0,0,0,0,2,0,2,0,5,0,0,0,0,0,0,0,0,0,0,0,0,0,0,0,0,0,0,0,0,0,0,1,0,0,0,0,0,0,0,0,0,0,0,0,0,0,0,0,0,0,6,0,0,0,0,0,2,0
203,0,0,0,0,0,0,0,4,0,0,0,0,11,2,0,0,0,0,0,2,0,0,0,0,0,0,0,8,0,0,0,0,0,0,0,0,0,0,0,0,0,6,0,0,0,0,0,0,0,0,0,0,1,0,0,0,0,0,0,0,0,0,0,0,0,1,0,0,0,0,0,0,3,0,0,0,0,0,0,0,0,0,86,4,5,0,22,1,3,0,0,0,3,0,0,0,2,0,0,0,0,0,0,0,0,0,0,0,0,0,1,0,0,0,0,0,0,0,0,1,0,0,0,0,0,0,0,0,0,0,0,0,0,0,0,0,6,9,0,0,0,0,1,0,0,0
118,4,0,4,0,0,0,0,4,0,0,20,39,89,25,0,3,2,0,0,0,4,18,1,0,1,4,0,6,0,0,0,0,0,0,0,0,1,0,0,0,0,5,2,0,0,0,0,5,0,0,0,0,25,0,0,0,0,1,0,0,0,2,0,2,0,0,1,1,0,0,0,0,0,0,0,0,22,0,0,0,1,0,4,280,1,0,153,1,43,0,0,4,7,8,0,0,5,0,0,0,0,0,0,0,0,0,0,1,0,1,0,11,4,0,0,0,0,5,7,1,0,0,0,0,0,0,0,6,1,0,2,0,0,0,0,0,12,6,2,1,0,0,1,0,1,0
13,0,0,0,0,0,0,0,0,0,0,0,0,2,0,0,0,0,0,0,0,0,0,0,0,0,0,0,0,0,0,0,0,0,0,0,0,0,0,0,0,0,0,0,0,0,0,0,0,0,0,0,0,0,0,0,0,0,0,0,0,0,0,0,0,0,0,0,0,0,0,0,0,0,0,0,0,0,0,0,0,0,0,5,1,44,0,5,0,0,0,0,0,0,0,0,0,0,0,0,0,0,0,0,0,1,0,0,0,0,0,0,0,0,0,0,0,0,1,0,0,0,0,0,0,0,0,0,0,0,0,0,0,0,0,0,0,15,0,0,0,0,0,0,0,0,0
358,0,0,0,1,0,0,1,0,0,0,41,0,23,1,0,2,0,0,1,3,4,1,0,0,0,0,0,18,0,0,0,0,0,0,0,0,0,0,0,0,0,1,1,0,0,0,1,7,0,0,0,0,9,1,0,0,0,0,0,0,0,0,0,3,0,1,0,0,0,0,0,0,0,0,0,0,0,0,0,0,5,0,0,0,0,728,8,4,2,0,0,1,10,4,0,15,3,0,0,0,0,0,0,0,0,0,1,0,0,0,45,166,13,0,13,2,0,2,13,0,0,0,0,0,0,0,0,0,1,0,0,0,1,0,0,0,20,13,2,1,0,0,0,0,4,10
1963,3,0,0,0,0,0,1,69,0,0,76,70,255,1032,0,10,9,0,8,17,14,13,0,0,0,10,0,63,0,1,0,0,0,0,0,0,0,0,0,1,4,15,6,0,0,0,0,33,0,0,0,0,33,0,0,1,1,0,0,0,0,1,0,1,0,2,1,1,0,0,0,0,2,0,0,2,10,0,11,0,5,0,22,153,5,8,1860,7,87,0,0,28,102,0,0,0,1,5,4,0,0,0,0,0,1,0,1,0,0,3,1,65,10,1,2,10,0,68,14,3,0,0,0,0,0,0,0,0,0,0,0,0,0,4,0,0,30,17,5,0,0,8,11,0,0,0
66,0,0,0,0,0,0,4,1,0,0,14,0,17,0,0,2,2,0,0,2,0,0,0,0,0,0,0,8,0,0,1,0,2,0,0,0,0,0,0,0,0,7,0,0,0,0,0,0,0,0,0,0,3,0,0,0,0,0,0,0,0,0,0,1,0,0,0,2,9,3,0,0,9,0,0,1,0,0,0,0,1,0,1,1,0,4,7,50,7,1,0,0,0,4,0,0,0,0,1,0,0,0,0,0,0,0,0,3,0,1,0,2,4,0,0,0,0,0,22,0,0,0,0,0,0,0,0,0,0,0,2,0,0,0,0,0,0,1,0,0,0,0,0,0,1,2
2232,6,0,2,1,1,0,5,614,0,0,192,13,1097,19,0,17,7,0,7,10,89,42,1,0,0,22,1,90,0,1,20,0,1,3,0,2,0,0,0,3,8,1,8,1,0,0,2,9,0,2,1,1,120,1,0,1,6,1,0,0,0,7,1,17,0,2,3,1,1,2,0,0,0,0,0,2,6,0,1,2,25,0,3,43,0,2,87,7,2056,1,0,54,42,0,8,2,5,0,6,0,0,0,0,0,1,13,0,7,0,2,7,26,3,4,4,1,0,21,17,4,0,0,0,0,0,0,0,1,0,0,0,0,1,0,2,11,29,8,2,1,0,2,3,2,3,46
42,2,0,0,0,0,0,9,0,0,0,3,0,0,5,0,0,0,0,1,0,0,0,0,0,0,0,0,1,0,0,1,0,0,2,0,1,0,0,0,0,6,0,2,0,0,0,0,3,0,0,0,0,3,0,0,3,0,0,0,0,0,0,0,0,0,0,0,7,0,0,0,3,0,0,0,1,2,0,0,0,0,0,0,0,0,0,0,1,1,70,2,6,8,0,0,0,0,0,0,0,1,0,0,0,0,0,0,1,1,0,0,0,0,0,1,0,0,1,0,0,0,0,0,2,0,0,0,0,0,0,0,0,1,0,0,0,1,1,0,0,0,0,8,0,0,1
0,0,0,0,0,0,0,0,0,0,0,0,0,0,0,0,0,0,0,0,0,0,0,0,0,0,0,0,0,0,0,0,0,0,0,0,0,0,0,0,0,0,0,0,0,0,0,0,0,0,0,0,0,0,0,0,0,0,0,0,0,0,0,0,0,0,0,0,0,0,0,0,0,0,0,0,0,1,0,0,0,0,0,0,0,0,0,0,0,0,2,2,0,0,0,0,0,0,0,0,0,0,0,0,0,0,0,0,0,0,0,0,0,0,0,0,0,0,0,0,0,0,0,0,0,0,0,0,0,0,0,0,0,0,0,0,0,0,0,0,0,0,0,0,0,0,0
734,0,0,0,0,0,0,1,73,0,0,7,0,51,23,0,0,0,0,1,8,5,6,1,0,6,8,0,14,2,0,0,0,0,0,0,0,0,0,0,6,26,0,7,0,0,1,0,5,0,10,11,2,9,0,0,1,0,0,0,0,0,0,0,1,0,3,0,1,4,0,0,0,1,0,0,7,4,0,0,1,13,0,0,4,0,1,28,0,54,6,0,364,283,0,13,2,2,1,10,0,0,2,0,4,16,1,0,0,0,0,2,13,1,1,2,0,0,47,0,1,0,0,0,0,0,0,0,0,0,0,0,0,0,0,1,0,7,10,0,0,0,1,14,0,1,3
2450,0,0,2,3,0,0,12,46,0,0,74,1,71,90,0,8,0,0,2,8,15,5,0,0,0,0,0,27,0,0,3,0,0,0,0,0,0,0,0,8,24,9,8,0,0,8,1,15,0,0,12,0,9,3,0,0,2,0,1,0,0,0,5,1,0,0,1,1,5,0,2,0,4,1,1,14,9,0,0,8,6,2,3,7,0,10,102,0,42,8,0,283,4442,0,1,4,4,1,11,0,1,0,0,0,11,0,0,0,0,0,0,30,1,0,2,0,0,54,6,1,0,0,0,3,0,0,0,0,0,0,0,0,12,1,0,0,11,5,1,1,0,1,26,0,4,1
5,0,0,0,0,0,0,0,0,0,0,0,0,0,0,2,0,1,0,0,0,0,0,0,0,0,0,0,0,0,0,0,0,0,0,0,0,0,0,0,0,0,0,0,0,0,0,0,0,0,0,0,0,0,0,0,0,0,0,0,0,0,0,0,0,0,0,0,0,0,0,0,0,0,0,0,0,0,0,0,0,0,0,0,8,0,4,0,4,0,0,0,0,0,184,0,0,0,0,0,0,0,0,0,0,0,0,0,0,0,0,0,0,0,0,0,0,0,0,0,0,0,0,0,1,0,0,0,0,0,0,0,0,0,0,0,0,0,0,0,0,0,0,0,0,0,48
23,0,0,0,8,0,6,0,2,0,0,1,0,1,0,0,0,0,0,0,0,0,0,0,0,0,0,0,0,0,0,0,0,0,0,0,0,0,0,0,0,10,0,0,0,0,0,0,0,0,0,0,0,3,0,0,0,0,0,0,0,0,0,0,0,0,0,0,2,0,0,1,0,0,0,0,0,2,0,0,0,0,2,0,0,0,0,0,0,8,0,0,13,1,0,232,0,0,1,0,0,0,0,0,0,0,0,0,0,0,0,0,0,0,0,0,0,0,1,0,2,0,0,0,0,0,0,0,0,0,0,0,0,0,0,0,0,1,0,0,0,0,0,1,0,0,0
55,0,0,0,0,0,0,0,0,0,0,11,1,5,0,0,0,0,0,0,0,0,0,0,0,0,0,0,3,0,0,0,0,0,0,0,0,2,0,0,0,2,0,0,0,0,1,0,0,0,0,0,0,5,0,0,0,0,0,0,0,0,0,0,12,0,0,0,0,0,0,0,0,0,0,0,0,0,0,0,0,0,0,0,0,0,15,0,0,2,0,0,2,4,0,0,64,7,0,3,0,0,0,0,0,1,0,0,1,0,0,81,6,7,0,8,0,1,24,5,0,0,0,0,0,0,0,0,0,0,3,0,0,6,5,1,0,3,26,5,0,0,0,0,0,2,3
244,1,0,0,0,0,1,0,5,0,0,23,10,27,1,0,1,5,0,0,0,2,0,0,0,0,0,0,12,0,0,2,0,0,0,0,1,0,0,0,0,4,3,4,0,0,0,3,16,0,0,2,0,11,0,0,0,0,0,0,1,0,0,0,2,0,0,0,0,0,0,0,0,0,0,0,0,0,0,0,0,0,5,2,5,0,3,1,0,5,0,0,2,4,0,0,7,278,0,12,0,0,0,0,0,0,0,1,0,0,0,0,7,7,0,5,1,0,29,5,37,1,0,0,0,0,0,0,0,4,0,0,0,1,0,0,9,1,10,3,1,0,1,2,0,2,6
80,0,0,0,0,0,0,0,0,0,0,5,0,27,5,0,0,0,0,0,1,1,0,0,0,0,0,0,3,0,0,0,0,0,0,0,0,0,0,0,0,0,0,0,0,4,0,0,0,2,0,0,0,0,0,0,0,0,0,0,1,0,0,0,0,0,1,0,0,0,0,0,0,0,0,0,0,0,0,0,0,0,0,0,0,0,0,5,0,0,0,0,1,1,0,1,0,0,74,3,0,0,0,0,0,0,0,0,0,0,0,0,0,4,0,0,0,0,5,1,0,0,0,0,0,0,0,0,0,0,0,0,0,0,0,0,0,8,0,0,0,0,0,0,0,0,0
187,0,0,0,0,0,2,1,3,0,0,18,4,34,2,1,6,0,0,0,2,1,0,1,0,0,18,0,5,0,0,2,0,0,0,0,0,0,0,0,2,1,2,4,0,0,0,1,9,0,0,0,0,1,0,0,0,0,0,0,0,0,1,0,0,0,0,0,0,1,0,0,0,0,0,0,0,0,0,0,1,0,0,0,0,0,0,4,1,6,0,0,10,11,0,0,3,12,3,154,0,3,2,0,0,4,0,0,2,0,2,1,8,19,0,4,0,0,13,4,9,0,0,1,2,0,0,0,0,3,0,0,0,9,0,1,4,2,7,2,0,0,0,4,0,0,0
1,0,0,0,0,0,0,0,0,0,0,2,0,13,0,0,0,0,0,0,0,0,0,0,0,0,0,0,5,0,0,0,0,0,0,0,0,0,0,0,0,0,0,0,0,1,0,3,0,0,0,0,0,0,0,0,0,0,0,0,0,0,0,0,0,0,0,0,0,0,0,0,0,0,0,0,0,0,0,0,0,0,0,0,0,0,0,0,0,0,0,0,0,0,0,0,0,0,0,0,6,0,0,0,0,0,0,1,0,0,0,0,0,0,0,0,0,0,0,0,0,0,0,0,0,0,0,0,0,0,0,0,0,0,0,0,0,0,0,0,0,0,0,0,0,0,0
55,0,0,0,0,0,0,1,1,3,1,1,0,7,0,0,0,0,0,0,2,0,0,0,0,0,0,0,6,0,0,0,0,0,1,0,0,0,0,0,1,1,0,0,0,0,0,0,16,0,0,1,0,3,0,7,0,0,1,14,0,0,0,0,12,0,0,6,1,0,0,0,0,0,0,0,0,0,0,0,8,17,0,0,0,0,0,0,0,0,1,0,0,1,0,0,0,0,0,3,0,124,3,0,0,25,0,0,0,0,0,0,0,7,0,0,1,0,2,1,1,0,0,1,2,0,0,0,0,0,0,0,0,0,1,0,0,1,3,0,1,0,0,11,0,9,2
102,0,0,0,0,0,0,1,0,0,0,0,0,3,0,0,1,0,0,0,0,1,0,0,0,0,2,0,3,0,0,0,0,0,0,0,0,0,0,0,1,1,0,1,0,0,0,0,0,0,0,1,0,2,0,0,0,0,0,0,0,0,0,1,0,0,0,0,0,1,0,0,0,0,0,3,0,0,0,0,10,0,0,0,0,0,0,0,0,0,0,0,2,0,0,0,0,0,0,2,0,3,78,0,0,10,0,0,1,0,0,0,0,3,0,0,0,0,0,2,1,0,0,0,0,0,0,0,0,0,0,0,0,0,0,0,0,1,1,0,0,0,0,0,0,0,0
0,0,0,0,0,0,0,0,0,0,0,0,0,0,0,0,0,0,0,0,0,0,0,0,0,0,0,0,0,0,0,0,0,0,0,0,0,0,0,0,0,0,0,0,0,0,0,0,0,0,0,0,0,0,0,0,0,0,0,0,0,0,0,0,0,0,0,0,0,0,0,0,0,0,0,0,0,0,0,0,0,0,0,0,0,0,0,0,0,0,0,0,0,0,0,0,0,0,0,0,0,0,0,0,0,0,0,0,0,0,0,0,0,0,0,0,0,0,0,0,0,0,0,0,0,0,0,0,0,0,0,0,0,0,0,0,0,0,0,0,0,0,0,0,0,0,0
42,0,0,0,2,0,0,5,21,0,0,1,0,2,0,0,0,0,0,0,0,0,1,0,0,0,1,0,1,0,0,1,0,0,0,0,0,24,1,0,0,4,3,3,0,0,0,0,6,0,2,0,0,1,0,1,0,0,0,5,0,0,0,0,4,0,1,1,0,3,11,0,0,0,0,0,0,2,0,0,0,1,0,0,0,0,0,0,0,0,0,0,4,0,0,0,0,0,0,0,0,0,0,0,628,39,0,0,0,0,0,0,0,3,0,0,0,0,1,4,1,0,0,0,0,0,0,0,0,0,0,0,0,19,0,4,0,3,103,12,0,0,4,0,0,0,4
222,0,0,0,0,0,0,2,2,2,0,21,1,30,2,0,6,1,0,0,3,3,0,0,0,0,0,0,8,0,0,2,0,2,1,0,0,0,0,0,9,38,1,33,0,0,0,0,117,0,1,3,0,12,0,0,0,0,0,9,1,0,0,0,8,0,1,0,0,1,0,0,0,0,0,3,2,5,0,0,12,0,0,0,0,1,0,1,0,1,0,0,16,11,0,0,1,0,0,4,0,25,10,0,39,818,0,0,2,0,0,2,6,27,0,4,6,0,7,0,7,0,0,0,2,0,0,0,0,0,0,0,0,1,0,0,0,5,23,1,4,0,0,19,0,10,9
123,0,1,0,0,0,0,0,4,0,0,8,0,3,2,0,1,2,0,0,0,4,1,0,0,0,0,0,4,0,0,0,0,0,0,0,0,0,0,0,0,0,0,1,0,0,0,0,5,0,0,0,3,2,0,0,0,0,0,1,0,0,3,0,1,0,0,0,0,0,0,0,0,0,0,0,0,0,0,0,0,0,0,0,0,0,0,0,0,13,0,0,1,0,0,0,0,0,0,0,0,0,0,0,0,0,142,0,11,1,0,3,3,12,0,6,26,0,0,0,0,0,0,0,0,0,0,0,0,0,0,0,0,0,0,3,0,2,1,1,0,0,0,4,0,0,3
51,4,3,4,4,0,2,0,13,3,0,38,3,25,0,1,31,0,0,0,0,1,0,0,0,0,1,0,6,0,0,0,0,2,0,0,0,0,0,0,0,0,0,10,1,1,0,0,2,0,0,0,0,2,0,0,1,0,0,0,2,0,0,3,2,0,0,0,3,0,0,0,0,0,0,0,0,0,0,0,0,0,0,0,0,0,1,1,0,0,0,0,0,0,0,0,0,1,0,0,1,0,0,0,0,0,0,16,0,0,0,0,0,0,0,1,1,0,0,0,3,1,0,0,0,0,0,0,0,0,2,0,0,0,0,0,0,0,4,0,0,0,0,3,1,0,0
154,0,0,0,0,0,0,0,2,0,0,21,0,33,0,0,1,10,0,0,3,1,0,0,0,0,0,0,9,0,0,6,0,0,0,0,0,2,0,0,0,0,0,3,0,0,0,8,4,0,0,0,0,2,0,0,0,0,0,0,0,0,0,0,6,0,0,0,0,0,0,0,0,0,0,3,0,0,0,0,6,0,0,0,1,0,0,0,3,7,1,0,0,0,0,0,1,0,0,2,0,0,1,0,0,2,11,0,494,0,0,5,3,6,0,10,31,0,0,46,3,0,0,0,0,0,0,0,0,0,0,0,0,0,0,0,0,16,9,4,0,0,0,3,0,0,10
0,0,0,0,0,0,0,0,0,0,0,0,0,3,0,0,1,0,0,0,0,0,0,0,0,0,0,0,1,0,0,0,0,0,0,0,0,0,0,0,0,0,0,0,0,0,0,0,0,0,0,0,0,0,0,0,0,0,0,0,0,0,0,0,0,0,0,0,0,0,0,0,0,0,0,0,0,0,0,0,0,0,0,0,0,0,0,0,0,0,1,0,0,0,0,0,0,0,0,0,0,0,0,0,0,0,1,0,0,0,0,1,0,0,0,0,0,0,0,0,0,0,0,0,0,0,0,0,0,0,0,0,0,0,0,0,0,0,0,0,0,0,0,0,0,0,0
25,0,0,0,0,0,0,0,0,0,0,3,0,4,1,0,0,0,0,0,0,0,0,0,0,0,0,0,1,0,0,0,0,0,0,0,0,0,0,0,0,0,0,1,0,0,0,0,2,0,0,0,0,0,0,0,0,0,0,0,0,0,0,0,0,0,0,0,0,0,0,0,0,0,0,0,0,0,0,0,0,0,0,0,1,0,0,3,1,2,0,0,0,0,0,0,0,0,0,2,0,0,0,0,0,0,0,0,0,0,60,0,0,0,0,0,0,0,0,0,0,0,0,0,0,0,0,0,0,0,0,0,0,0,0,0,0,1,1,0,0,0,0,0,0,0,0
154,11,3,0,0,0,0,2,6,4,0,16,4,19,0,1,6,0,0,1,0,5,2,0,0,0,1,0,9,0,1,0,0,0,0,0,2,0,0,0,0,0,0,2,0,0,0,0,7,0,0,0,0,0,1,0,0,1,0,2,1,0,0,0,5,0,0,8,0,0,0,1,0,0,0,0,0,0,0,0,0,1,0,1,0,0,45,1,0,7,0,0,2,0,0,0,81,0,0,1,0,0,0,0,0,2,3,0,5,1,0,294,20,1,3,30,7,0,9,3,3,0,0,1,0,0,0,0,0,0,4,6,0,4,6,2,0,10,6,4,0,0,0,1,0,2,14
983,10,1,1,1,0,0,4,24,0,0,80,26,134,18,0,28,5,0,0,7,13,6,4,0,0,0,0,35,0,0,8,0,2,0,0,0,0,0,0,1,2,5,9,0,0,1,1,9,0,0,0,0,4,0,0,1,0,0,0,0,0,0,0,6,0,1,1,1,0,1,0,0,0,0,0,0,2,0,0,0,5,0,0,11,0,166,65,2,26,0,0,13,30,0,0,6,7,0,8,0,0,0,0,0,6,3,0,3,0,0,20,1360,31,8,249,16,0,183,26,0,0,0,0,0,0,1,0,0,1,1,2,0,14,0,0,0,26,47,8,0,0,5,3,0,1,4
597,3,1,1,0,0,0,2,7,7,0,43,2,32,1,0,1,5,0,1,10,10,4,0,0,0,55,0,29,0,0,6,0,1,0,0,0,0,0,0,1,1,2,14,5,0,0,0,47,0,0,1,0,10,2,2,0,0,0,15,2,0,0,1,47,0,0,0,0,0,0,0,0,0,0,0,0,0,0,0,3,2,0,0,4,0,13,10,4,3,0,0,1,1,0,0,7,7,4,19,0,7,3,0,3,27,12,0,6,0,0,1,31,658,0,25,8,0,5,21,5,0,0,0,1,0,0,0,0,3,1,0,0,4,0,0,6,50,56,2,2,0,4,10,0,3,15
45,0,0,0,0,0,0,0,2,0,0,4,0,4,0,0,1,1,0,0,0,2,2,0,0,0,1,0,2,0,0,0,0,0,0,0,0,0,0,0,1,0,0,2,1,0,0,0,13,0,0,0,0,0,0,0,0,0,0,1,0,0,1,0,4,0,2,1,0,0,0,0,0,0,0,0,1,0,0,0,0,1,0,0,0,0,0,1,0,4,0,0,1,0,0,0,0,0,0,0,0,0,0,0,0,0,0,0,0,0,0,3,8,0,14,23,0,0,0,1,0,0,0,0,0,0,0,0,0,0,0,0,0,0,0,0,0,6,0,2,0,0,1,0,2,0,0
376,0,0,0,0,0,0,1,8,0,0,10,1,21,2,0,4,2,0,0,0,7,2,0,0,0,0,0,12,0,0,0,0,0,0,0,0,0,0,0,0,9,14,2,4,0,0,0,53,0,0,1,0,3,0,0,0,0,0,0,0,0,0,0,3,0,3,1,0,0,0,0,0,0,0,0,0,0,0,0,1,0,0,0,0,0,13,2,0,4,1,0,2,2,0,0,8,5,0,4,0,0,0,0,0,4,6,1,10,0,0,30,249,25,23,390,5,0,90,1,3,0,0,0,0,0,0,0,0,0,0,0,0,19,0,0,2,11,8,3,0,0,0,1,0,1,2
234,0,0,1,0,3,0,0,2,2,0,32,1,26,4,1,12,1,0,0,0,1,3,0,0,0,1,0,7,0,0,3,0,0,3,0,0,0,0,0,0,0,1,9,0,0,0,0,18,0,0,0,0,4,0,0,0,0,0,1,0,0,0,0,2,0,0,0,1,0,0,1,2,0,0,0,0,0,1,0,0,4,0,0,0,0,2,10,0,1,0,0,0,0,0,0,0,1,0,0,0,1,0,0,0,6,26,1,31,0,0,7,16,8,0,5,400,0,4,9,2,0,0,0,0,0,0,0,0,0,1,0,0,0,0,0,1,2,15,5,1,0,0,2,0,2,8
11,0,0,0,0,0,0,4,1,0,0,24,0,10,0,0,14,0,0,0,0,0,0,0,0,0,0,0,1,0,0,0,0,0,0,0,0,0,0,0,0,0,0,2,0,0,0,0,3,0,0,0,0,2,0,0,0,0,0,0,0,0,0,0,0,0,0,0,0,0,0,0,0,0,0,0,0,0,0,0,0,0,0,0,0,0,0,0,0,0,0,0,0,0,0,0,1,0,0,0,0,0,0,0,0,0,0,0,0,0,0,0,0,0,0,0,0,6,0,0,1,0,0,0,0,0,0,0,0,0,0,0,0,0,0,0,0,0,18,1,1,0,2,0,0,0,0
1475,0,0,7,0,2,0,0,21,0,0,71,1,293,47,0,15,2,0,0,3,2,1,0,0,0,3,0,64,0,0,4,0,0,0,0,0,0,0,0,0,22,13,6,0,0,0,1,6,0,0,2,0,10,1,0,0,1,0,0,0,0,0,0,0,0,0,0,0,0,0,0,0,1,0,0,0,0,1,0,2,2,0,0,5,1,2,68,0,21,1,0,47,54,0,1,24,29,5,13,0,2,0,0,1,7,0,0,0,0,0,9,183,5,0,90,4,0,866,13,0,0,0,0,0,0,0,0,0,1,0,0,0,70,0,0,1,43,17,0,0,0,0,7,0,0,0
579,5,0,2,0,1,0,7,50,0,0,270,27,143,5,0,32,3,0,1,10,11,4,0,0,0,1,0,110,0,0,0,0,0,0,0,0,0,0,0,0,2,2,16,0,0,0,2,55,0,0,0,0,53,1,1,7,0,0,0,1,0,1,0,4,0,2,5,7,0,1,0,0,0,0,0,4,0,0,0,18,1,0,0,7,0,13,14,22,17,0,0,0,6,0,0,5,5,1,4,0,1,2,0,4,0,0,0,46,0,0,3,26,21,1,1,9,0,13,3116,0,0,0,0,3,0,0,0,1,1,1,0,0,2,0,0,1,9,257,16,0,0,33,1,1,6,16
251,1,0,0,0,1,0,2,5,3,0,17,1,18,1,0,1,1,0,0,1,3,0,0,0,0,0,0,10,0,0,1,0,0,0,0,0,8,0,0,0,4,0,7,0,0,0,0,11,0,0,1,0,11,0,1,0,0,0,0,1,0,0,0,1,0,1,1,0,0,0,0,0,0,0,3,0,1,0,0,1,1,1,1,1,0,0,3,0,4,0,0,1,1,0,2,0,37,0,9,0,1,1,0,1,7,0,3,3,0,0,3,0,5,0,3,2,1,0,0,378,11,0,1,0,0,0,0,0,3,0,0,0,7,1,0,6,0,35,1,4,0,0,0,0,2,4
4,3,1,0,0,0,0,0,0,0,0,0,0,0,0,0,0,0,0,0,0,0,0,0,0,0,0,0,0,0,0,0,0,0,0,0,0,0,0,0,0,0,0,3,0,1,0,0,0,0,0,0,0,2,0,0,0,0,0,0,0,0,0,0,0,0,0,0,0,0,0,0,0,0,0,0,0,0,0,0,0,0,0,0,0,0,0,0,0,0,0,0,0,0,0,0,0,1,0,0,0,0,0,0,0,0,0,1,0,0,0,0,0,0,0,0,0,0,0,0,11,204,0,0,0,0,0,0,0,0,0,0,0,0,0,0,0,0,1,0,0,0,0,6,0,0,1
7,0,0,0,0,0,0,0,2,0,0,1,0,0,0,0,0,0,0,0,0,0,0,0,0,0,0,0,1,0,0,0,0,0,0,0,0,0,0,0,0,0,0,0,0,0,0,0,0,0,0,0,0,0,0,0,0,0,0,0,0,0,0,0,0,0,0,0,0,0,0,0,0,0,0,0,0,0,0,0,0,0,0,0,0,0,0,0,0,0,0,0,0,0,0,0,0,0,0,0,0,0,0,0,0,0,0,0,0,0,0,0,0,0,0,0,0,0,0,0,0,0,14,0,0,0,0,0,0,0,0,0,0,0,0,0,0,0,1,0,0,0,0,0,0,0,0
7,0,0,0,0,0,0,0,0,1,1,4,0,4,0,0,1,0,0,0,0,0,0,0,0,0,0,0,2,0,0,0,0,0,0,0,0,0,0,0,0,0,0,0,0,0,0,0,0,0,0,0,0,0,0,1,0,0,0,0,0,0,0,0,0,0,0,0,0,0,0,0,0,0,0,0,0,0,0,0,0,0,0,0,0,0,0,0,0,0,0,0,0,0,0,0,0,0,0,1,0,1,0,0,0,0,0,0,0,0,0,1,0,0,0,0,0,0,0,0,1,0,0,20,1,0,0,0,0,0,0,0,0,0,0,0,0,0,0,6,4,0,0,3,0,0,0
86,0,0,0,0,0,0,0,1,1,1,14,1,2,0,0,1,0,0,0,0,0,0,0,0,0,24,0,1,0,0,2,0,1,0,0,0,4,0,0,0,0,0,3,0,0,0,0,18,0,0,0,0,0,0,4,0,0,1,1,0,0,0,0,4,0,0,0,1,0,0,0,0,0,0,0,0,0,0,0,0,0,0,0,0,0,0,0,0,0,2,0,0,3,1,0,0,0,0,2,0,2,0,0,0,2,0,0,0,0,0,0,0,1,0,0,0,0,0,3,0,0,0,1,90,5,0,10,0,15,0,0,0,0,0,0,0,1,3,2,2,0,0,0,0,0,0
17,0,0,0,0,0,0,0,1,0,0,0,0,0,0,0,0,0,0,0,0,0,0,0,0,0,18,0,0,0,0,0,0,0,0,0,0,2,0,0,0,0,0,3,0,0,0,0,0,0,0,0,0,0,0,0,0,0,0,0,0,0,0,0,1,0,0,0,0,0,0,0,0,0,0,0,0,0,0,0,0,0,0,0,0,0,0,0,0,0,0,0,0,0,0,0,0,0,0,0,0,0,0,0,0,0,0,0,0,0,0,0,0,0,0,0,0,0,0,0,0,0,0,0,5,34,0,0,0,0,0,0,0,0,0,0,0,0,0,0,0,0,0,0,0,0,0
20,0,0,0,0,0,0,0,0,0,0,3,0,3,0,0,0,0,0,0,0,0,0,0,0,0,1,0,1,0,0,0,0,0,0,0,0,0,0,0,0,0,0,0,0,0,0,0,1,0,0,0,0,0,0,0,0,0,0,0,0,0,0,0,1,0,0,0,0,0,0,0,0,0,0,0,0,0,0,0,0,0,0,0,0,0,0,0,0,0,0,0,0,0,0,0,0,0,0,0,0,0,0,0,0,0,0,0,0,0,0,0,1,0,0,0,0,0,0,0,0,0,0,0,0,0,8,0,0,4,0,0,0,0,0,0,0,0,0,0,0,0,0,0,0,0,0
14,0,0,0,0,0,0,0,0,0,0,0,0,0,0,0,0,0,0,0,1,0,0,0,0,0,2,0,0,0,0,0,0,0,0,0,0,0,0,0,0,0,0,0,0,0,0,0,0,0,0,0,0,0,0,0,0,0,0,0,0,0,0,0,0,0,0,0,0,0,0,0,0,0,0,0,0,0,0,0,0,0,0,0,0,0,0,0,0,0,0,0,0,0,0,0,0,0,0,0,0,0,0,0,0,0,0,0,0,0,0,0,0,0,0,0,0,0,0,0,0,0,0,0,10,0,0,12,1,13,0,0,0,0,0,0,0,3,1,0,0,0,0,0,0,0,0
12,1,0,8,1,0,0,2,14,0,0,4,0,2,0,0,0,0,0,0,0,0,0,0,0,0,0,0,3,0,0,0,0,0,0,0,0,0,0,0,0,0,0,0,0,0,0,1,3,0,0,0,0,6,0,0,0,0,9,0,0,0,1,0,0,0,0,6,0,0,0,0,0,0,0,0,0,0,0,0,0,0,0,0,6,0,0,0,0,1,0,0,0,0,0,0,0,0,0,0,0,0,0,0,0,0,0,0,0,0,0,0,0,0,0,0,0,0,0,1,0,0,0,0,0,0,0,1,106,0,0,0,0,0,0,0,0,0,1,0,1,0,0,0,0,0,1
96,0,0,0,0,0,0,0,1,0,0,1,0,1,0,0,0,0,0,0,0,1,0,0,0,0,2,0,6,0,0,0,0,0,2,0,0,0,0,0,0,0,1,3,0,2,2,1,1,0,0,2,0,0,0,0,0,0,0,0,0,0,0,0,3,0,0,0,0,0,0,0,0,0,0,0,0,0,0,0,0,0,0,0,1,0,1,0,0,0,0,0,0,0,0,0,0,4,0,3,0,0,0,0,0,0,0,0,0,0,0,0,1,3,0,0,0,0,1,1,3,0,0,0,15,0,4,13,0,96,0,0,0,5,0,0,0,3,2,0,0,0,0,0,0,0,0
16,0,1,0,0,0,0,0,0,0,0,1,0,1,0,0,0,0,0,0,0,0,0,0,0,0,0,0,1,0,0,0,0,1,0,0,0,0,0,0,0,0,0,0,0,0,0,0,0,0,0,0,0,1,0,0,0,0,0,0,2,0,0,0,1,0,0,0,0,0,0,0,0,0,0,0,0,0,0,0,0,1,0,0,0,0,0,0,0,0,0,0,0,0,0,0,3,0,0,0,0,0,0,0,0,0,0,2,0,0,0,4,1,1,0,0,1,0,0,1,0,0,0,0,0,0,0,0,0,0,62,0,0,0,0,0,0,17,4,0,0,0,0,0,0,1,0
1,0,0,0,0,0,0,4,0,0,0,6,0,4,0,0,2,2,0,0,0,1,0,0,0,0,0,0,0,0,0,0,0,0,0,0,0,0,0,0,0,0,0,0,0,0,0,0,0,0,0,0,0,0,0,0,0,0,0,0,0,0,1,0,0,0,0,1,0,0,0,0,0,0,0,0,0,0,0,0,0,0,0,0,2,0,0,0,2,0,0,0,0,0,0,0,0,0,0,0,0,0,0,0,0,0,0,0,0,0,0,6,2,0,0,0,0,0,0,0,0,0,0,0,0,0,0,0,0,0,0,0,0,0,0,0,0,0,0,0,0,0,0,0,0,0,2
0,0,0,0,0,0,0,0,0,0,0,0,0,0,0,0,0,0,0,0,0,0,0,0,0,0,0,0,0,0,0,0,0,0,0,0,0,0,0,0,0,0,0,0,0,0,0,0,0,0,0,0,0,0,0,0,0,0,0,0,0,0,0,0,0,0,0,0,0,0,0,0,0,0,0,0,0,0,0,0,0,0,0,0,0,0,0,0,0,0,0,0,0,0,0,0,0,0,0,0,0,0,0,0,0,0,0,0,0,0,0,0,0,0,0,0,0,0,0,0,0,0,0,0,0,0,0,0,0,0,0,0,0,0,0,0,0,0,0,0,0,0,0,0,0,0,0
83,0,0,0,0,0,0,0,3,0,0,1,0,7,0,0,0,0,0,0,0,1,0,0,0,0,0,0,4,0,0,0,0,0,0,0,0,1,0,0,0,0,0,0,0,0,0,0,0,0,0,0,0,0,0,2,0,0,0,0,0,0,0,0,0,0,0,2,0,0,0,0,0,0,0,0,0,0,0,0,0,1,0,0,0,0,1,0,0,1,1,0,0,12,0,0,6,1,0,9,0,0,0,0,19,1,0,0,0,0,0,4,14,4,0,19,0,0,70,2,7,0,0,0,0,0,0,0,0,5,0,0,0,28,0,0,0,2,1,0,0,0,0,0,0,0,0
1,0,0,0,0,0,0,0,1,0,0,0,0,1,1,0,0,0,0,0,0,0,0,0,0,0,0,0,0,0,0,0,0,0,0,0,0,0,0,0,0,0,0,0,0,0,0,0,0,0,0,0,0,1,0,0,0,0,0,0,0,0,0,0,0,0,0,0,0,0,0,0,0,0,0,0,1,0,0,0,0,0,0,0,0,0,0,4,0,0,0,0,0,1,0,0,5,0,0,0,0,1,0,0,0,0,0,0,0,0,0,6,0,0,0,0,0,0,0,0,1,0,0,0,0,0,0,0,0,0,0,0,0,0,20,5,0,0,0,0,0,0,0,0,0,0,0
9,1,3,0,0,1,0,0,3,0,0,0,1,1,1,1,0,0,0,0,0,0,0,0,0,0,0,0,0,0,0,0,0,0,0,0,0,0,0,0,0,0,0,0,0,0,0,0,0,0,0,0,10,0,0,0,0,0,0,0,0,0,1,0,0,0,0,0,0,2,0,0,0,0,0,0,0,0,0,0,1,0,0,0,0,0,0,0,0,2,0,0,1,0,0,0,1,0,0,1,0,0,0,0,4,0,3,0,0,0,0,2,0,0,0,0,0,0,0,0,0,0,0,0,0,0,0,0,0,0,0,0,0,0,5,4,0,1,1,0,0,0,0,2,0,0,0
144,0,0,0,0,0,0,0,15,0,0,3,0,9,0,0,0,2,0,0,0,2,0,0,0,0,0,0,4,0,0,1,0,0,0,0,0,0,0,0,2,0,0,0,0,0,0,0,0,0,0,0,0,0,0,0,0,0,0,0,0,0,0,0,2,0,0,0,0,0,0,0,0,0,0,0,0,0,1,0,0,1,0,0,0,0,0,0,0,11,0,0,0,0,0,0,0,9,0,4,0,0,0,0,0,0,0,0,0,0,0,0,0,6,0,2,1,0,1,1,6,0,0,0,0,0,0,0,0,0,0,0,0,0,0,0,136,1,0,0,0,0,1,10,0,0,0
5578,29,0,6,0,8,3,10,57,4,0,279,32,227,10,3,21,9,0,2,12,134,25,0,0,0,33,0,112,8,1,17,0,4,0,0,7,3,0,0,63,156,5,245,9,0,35,16,189,0,6,19,0,26,1,6,8,1,0,12,2,0,1,0,56,0,0,12,0,1,0,0,0,0,0,0,9,14,0,0,3,35,0,6,12,15,20,30,0,29,1,0,7,11,0,1,3,1,8,2,0,1,1,0,3,5,2,0,16,0,1,10,26,50,6,11,2,0,43,9,0,0,0,0,1,0,0,3,0,3,17,0,0,2,0,1,1,5756,94,7,5,0,13,9,26,17,23
1848,4,0,28,0,28,6,110,32,63,7,718,52,529,5,12,134,55,0,4,14,94,7,0,0,0,132,0,97,1,0,32,0,16,12,0,0,111,20,0,1,34,27,149,0,3,17,41,838,0,1,3,1,163,8,6,0,18,6,77,2,1,8,1,183,0,0,11,2,2,6,9,0,0,0,3,4,9,1,0,2,6,0,9,6,0,13,17,1,8,1,0,10,5,0,0,26,10,0,7,0,3,1,0,103,23,1,4,9,0,1,6,47,56,0,8,15,18,17,257,35,1,1,0,3,0,0,1,1,2,4,0,0,1,0,1,0,94,6720,418,53,0,234,9,8,42,75
344,1,0,0,0,1,0,11,28,1,4,153,6,260,2,2,12,1,0,2,0,1,1,0,0,0,48,0,29,2,0,2,0,0,15,0,0,8,0,0,0,3,24,28,0,0,1,4,54,0,0,0,0,15,0,3,0,0,0,0,4,0,0,6,6,0,0,0,3,0,0,0,0,0,0,2,0,0,0,0,0,1,6,0,2,0,2,5,0,2,0,0,0,1,0,0,5,3,0,2,0,0,0,0,12,1,1,0,4,0,0,4,8,2,2,3,5,1,0,16,1,0,0,6,2,0,0,0,0,0,0,0,0,0,0,0,0,7,418,1102,20,0,9,9,0,2,12
48,1,0,0,0,0,0,3,2,1,1,12,1,24,0,0,3,0,0,0,0,0,0,0,0,0,3,0,1,0,0,3,0,0,2,0,0,0,0,0,0,6,0,1,0,0,0,5,2,0,0,0,0,12,2,1,0,1,1,3,0,0,0,0,21,0,0,1,3,1,0,0,0,0,0,0,0,0,0,0,0,0,0,0,1,0,1,0,0,1,0,0,0,1,0,0,0,1,0,0,0,1,0,0,0,4,0,0,0,0,0,0,0,2,0,0,1,1,0,0,4,0,0,4,2,0,0,0,1,0,0,0,0,0,0,0,0,5,53,20,164,0,0,1,6,3,8
0,0,0,0,0,0,0,0,0,0,0,0,0,0,0,0,0,0,0,0,0,0,0,0,0,0,0,0,0,0,0,0,0,0,0,0,0,0,0,0,0,0,0,0,0,0,0,0,0,0,0,0,0,0,0,0,0,0,0,0,0,0,0,0,0,0,0,0,0,0,0,0,0,0,0,0,0,0,0,0,0,0,0,0,0,0,0,0,0,0,0,0,0,0,0,0,0,0,0,0,0,0,0,0,0,0,0,0,0,0,0,0,0,0,0,0,0,0,0,0,0,0,0,0,0,0,0,0,0,0,0,0,0,0,0,0,0,0,0,0,0,0,0,0,0,0,0
269,0,0,0,0,0,0,21,5,4,4,73,0,80,1,0,24,20,0,0,0,6,4,16,0,0,0,0,13,0,0,0,0,0,0,0,0,10,0,0,1,0,0,14,0,0,1,0,184,0,0,0,0,4,1,0,0,0,0,0,0,0,0,0,8,0,2,4,0,0,0,0,0,0,0,0,2,2,0,0,0,1,0,0,0,0,0,8,0,2,0,0,1,1,0,0,0,1,0,0,0,0,0,0,4,0,0,0,0,0,0,0,5,4,1,0,0,2,0,33,0,0,0,0,0,0,0,0,0,0,0,0,0,0,0,0,1,13,234,9,0,0,300,1,1,2,7
215,1,4,3,0,0,5,4,3,0,1,57,8,48,9,3,23,8,0,4,3,8,2,0,0,0,2,0,17,0,0,8,0,1,4,0,1,0,0,0,1,18,0,15,0,1,0,1,9,0,0,0,0,11,0,0,0,0,0,0,5,0,0,0,1,0,0,0,6,0,0,0,0,0,0,0,0,13,0,0,2,7,0,1,1,0,0,11,0,3,8,0,14,26,0,1,0,2,0,4,0,11,0,0,0,19,4,3,3,0,0,1,3,10,0,1,2,0,7,1,0,6,0,3,0,0,0,0,0,0,0,0,0,0,0,2,10,9,9,9,1,0,1,178,1,3,9
274,0,0,0,0,0,0,20,18,0,0,4,0,9,0,0,0,0,0,0,0,1,0,0,0,0,0,0,0,0,0,0,0,0,0,0,0,0,0,0,0,0,0,3,0,0,2,0,41,0,0,0,0,1,0,0,0,1,0,2,0,0,0,0,1,0,0,0,0,0,0,0,0,0,0,0,2,0,0,0,0,2,0,0,0,0,0,0,0,2,0,0,0,0,0,0,0,0,0,0,0,0,0,0,0,0,0,1,0,0,0,0,0,0,2,0,0,0,0,1,0,0,0,0,0,0,0,0,0,0,0,0,0,0,0,0,0,26,8,0,6,0,1,1,218,0,12
628,5,0,0,1,2,0,6,17,17,0,47,2,42,0,0,3,2,0,1,1,6,1,0,0,0,2,0,29,0,0,3,0,0,0,0,0,0,0,0,4,16,2,7,0,0,0,2,140,0,1,1,0,10,0,3,7,0,0,8,0,0,1,0,26,0,3,3,0,0,0,0,0,0,1,0,1,0,0,0,2,2,2,0,1,0,4,0,1,3,0,0,1,4,0,0,2,2,0,0,0,9,0,0,0,10,0,0,0,0,0,2,1,3,0,1,2,0,0,6,2,0,0,0,0,0,0,0,0,0,1,0,0,0,0,0,0,17,42,2,3,0,2,3,0,306,14
1387,1,0,0,0,0,0,186,53,2,0,84,0,78,0,0,27,2,0,0,0,16,4,0,0,0,2,0,69,0,0,1,0,0,0,0,0,0,0,0,0,2,0,13,0,0,1,0,94,0,0,2,0,31,0,4,0,8,0,0,0,0,3,0,78,0,0,1,1,0,0,0,0,0,0,1,0,7,0,0,0,5,0,0,0,0,10,0,2,46,1,0,3,1,48,0,3,6,0,0,0,2,0,0,4,9,3,0,10,0,0,14,4,15,0,2,8,0,0,16,4,1,0,0,0,0,0,0,1,0,0,2,0,0,0,0,0,23,75,12,8,0,7,9,12,14,6702
